Sequence	Base Sequence	Protein Groups	Gene Names	Organism	Intensity_TEMP_1_DIA_45	Intensity_TEMP_2_DIA_46	Intensity_TEMP_3_DIA_47	Detection Type_TEMP_1_DIA_45	Detection Type_TEMP_2_DIA_46	Detection Type_TEMP_3_DIA_47
AAIAAAAAAAAAAK	AAIAAAAAAAAAAK	G3I196	I79_017147	Cricetulus griseus	547864.7421875	469404.9609375	460450.5139661543	MSMS	MSMS	MSMS
AGLQFPVGR	AGLQFPVGR	G3H2T7|G3H2T8;G3HPV6	I79_004539|LOC100758350;I79_012827	Cricetulus griseus	6864505.4375	6915557.125	0	MSMS	MSMS	NotDetected
ALAAAGYDVEK	ALAAAGYDVEK	G3HDU1	LOC100752904	Cricetulus griseus	7800149.4375	8185283	7632235.8125	MSMS	MSMS	MSMS
ALAAAGYDVEKNNSR	ALAAAGYDVEKNNSR	G3HDU1	LOC100752904	Cricetulus griseus	4179618.578125	4205303.59375	3697807.40625	MSMS	MSMS	MSMS
AMGIMNSFVNDIFER	AMGIMNSFVNDIFER	G3H2T4|G3H2U0|G3HDT7|G3HDU3|G3HPV1|G3INX0	LOC100774845|LOC100758641|LOC100773886|LOC100753502|I79_012822|LOC113835016	Cricetulus griseus	6497837.5	5175812.625	4339850.9375	MSMS	MSMS	MSMS
ASGIMDMLFQDR	ASGIMDMLFQDR	G3HNJ3	Clu	Cricetulus griseus	1675782.9453125	1457432.15625	1340138.421875	MSMS	MSMS	MSMS
ASGPPVSELITK	ASGPPVSELITK	G3HDU1	LOC100752904	Cricetulus griseus	2941210.65625	3577335.46875	2904442.53125	MSMS	MSMS	MSMS
AVTKYTSSK	AVTKYTSSK	G3H2T4|G3H2U0|G3HDT7|G3HDU3|G3HPV1|G3INX0	LOC100774845|LOC100758641|LOC100773886|LOC100753502|I79_012822|LOC113835016	Cricetulus griseus	1247924.109375	0	0	MSMS	NotDetected	NotDetected
DAVTYTEHAK	DAVTYTEHAK	G3HPV6	I79_012827	Cricetulus griseus	2968128.5625	2447207.046875	2466518	MSMS	MSMS	MSMS
DNIQGITKPAIRR	DNIQGITKPAIRR	G3HPV6	I79_012827	Cricetulus griseus	0	1173390.8064756815	0	NotDetected	MSMS	NotDetected
FTISRDNSK	FTISRDNSK	G3ILU4	I79_024866	Cricetulus griseus	156431031	169096388	184410944	MSMS	MSMS	MSMS
GRFTISR	GRFTISR	G3ILU4	I79_024866	Cricetulus griseus	667929160	0	670281252	MSMS	NotDetected	MSMS
GRFTISRDNSK	GRFTISRDNSK	G3ILU4	I79_024866	Cricetulus griseus	61288804.666666664	59559822	46336211.333333336	MSMS	MSMS	MSMS
GTGASGSFKLNK	GTGASGSFKLNK	G3HDU1	LOC100752904	Cricetulus griseus	6843246.625	6923510.1875	4928548.71875	MSMS	MSMS	MSMS
GTGASGSFKLNKK	GTGASGSFKLNKK	G3HDU1	LOC100752904	Cricetulus griseus	1405907.125	1127998.6979166667	1004514.46875	MSMS	MSMS	MSMS
GTLVQTK	GTLVQTK	G3HDU1	LOC100752904	Cricetulus griseus	14017674	12424774.75	12015756.5	MSMS	MSMS	MSMS
HAVSEGTKAVTKYTSSK	HAVSEGTKAVTKYTSSK	G3H2T4|G3H2U0|G3HDT7|G3HDU3|G3HPV1|G3INX0	LOC100774845|LOC100758641|LOC100773886|LOC100753502|I79_012822|LOC113835016	Cricetulus griseus	839100.8359375	708924.640625	715120.69140625	MSMS	MSMS	MSMS
HLQLAIR	HLQLAIR	G3H2T7|G3H2T8	I79_004539|LOC100758350	Cricetulus griseus	2883206.96875	2446866.0625	2829242.40625	MSMS	MSMS	MSMS
HLQLAIRNDEELNKLLGK	HLQLAIRNDEELNKLLGK	G3H2T7|G3H2T8	I79_004539|LOC100758350	Cricetulus griseus	0	0	754960.0951385803	NotDetected	NotDetected	MSMS
IFAPNHVVAK	IFAPNHVVAK	G3HQR7	LOC103161510	Cricetulus griseus	0	440289.8385416667	0	NotDetected	MSMS	NotDetected
IGGIGTVPVGR	IGGIGTVPVGR	G3HGY8|G3HH39|G3HWX4|G3IHP6	Eef1a2|I79_009935|I79_015487|I79_023350	Cricetulus griseus	784325.8359375	0	0	MSMS	NotDetected	NotDetected
ISGLIYEETR	ISGLIYEETR	G3HPV6	I79_012827	Cricetulus griseus	2698860.65625	3015980.53125	2783762.640625	MSMS	MSMS	MSMS
ITGWGEEKLPDGR	ITGWGEEKLPDGR	G3H1W4	Tinagl1	Cricetulus griseus	0	176472.94946172845	289229.34365418094	NotDetected	MSMS	MSMS
KALAAAGYDVEK	KALAAAGYDVEK	G3HDU1	LOC100752904	Cricetulus griseus	2429959.09375	2464362.375	2031772.34375	MSMS	MSMS	MSMS
KALAAAGYDVEKNNSR	KALAAAGYDVEKNNSR	G3HDU1	LOC100752904	Cricetulus griseus	2788736.2291666665	2616993.0625	2202602.8333333335	MSMS	MSMS	MSMS
KENTLNMVVR	KENTLNMVVR	G3IBF4	I79_020974	Cricetulus griseus	0	1462814.4778815182	1072383.9984908702	NotDetected	MSMS	MSMS
KESYSVYVYK	KESYSVYVYK	G3H2T4|G3H2U0|G3HDT7|G3HDU3|G3HPV1|G3INX0	LOC100774845|LOC100758641|LOC100773886|LOC100753502|I79_012822|LOC113835016	Cricetulus griseus	0	4057765.125	0	NotDetected	MSMS	NotDetected
KFLTESHDR	KFLTESHDR	G3IBF4	I79_020974	Cricetulus griseus	0	1219957.375	0	NotDetected	MSMS	NotDetected
KGISLNMEQWSQLKEQISDIDDAVR	KGISLNMEQWSQLKEQISDIDDAVR	G3HIQ3	I79_010528	Cricetulus griseus	0	186101.59598817694	0	NotDetected	MSMS	NotDetected
KPAAAAVTK	KPAAAAVTK	G3HDU1	LOC100752904	Cricetulus griseus	11778982.75	8943628.4375	1867014.53125	MSMS	MSMS	MSMS
KPAAAAVTKK	KPAAAAVTKK	G3HDU1	LOC100752904	Cricetulus griseus	577927.8007064034	0	0	MSMS	NotDetected	NotDetected
KSLLNSLEEAK	KSLLNSLEEAK	G3HNJ3	Clu	Cricetulus griseus	0	688175.765625	0	NotDetected	MSMS	NotDetected
LEALDANSR	LEALDANSR	G3IE25	I79_021967	Cricetulus griseus	0	0	734523.26171875	NotDetected	NotDetected	MSMS
LLLPGELAK	LLLPGELAK	G3H2T4|G3H2U0|G3HDT7|G3HDU3|G3HPV1|G3INX0	LOC100774845|LOC100758641|LOC100773886|LOC100753502|I79_012822|LOC113835016	Cricetulus griseus	8483238.28125	0	6848641.5	MSMS	NotDetected	MSMS
LPVLLLGR	LPVLLLGR	G3IBF4	I79_020974	Cricetulus griseus	2645541.5625	2323434.828125	2418774.078125	MSMS	MSMS	MSMS
LVTTGVLK	LVTTGVLK	G3I501	LOC100752547	Cricetulus griseus	1304695.4765625	0	819656.1015625	MSMS	NotDetected	MSMS
LVTTGVLKQTK	LVTTGVLKQTK	G3I501	LOC100752547	Cricetulus griseus	441637.69071057846	0	314206.94921875	MSMS	NotDetected	MSMS
NDEELNKLLGR	NDEELNKLLGR	G3HPV6	I79_012827	Cricetulus griseus	919339.1875	832351.2265625	641427.09375	MSMS	MSMS	MSMS
NIPGITLLNVSK	NIPGITLLNVSK	G3HFG4	I79_009303	Cricetulus griseus	759301.546875	0	0	MSMS	NotDetected	NotDetected
QVHPDTGISSK	QVHPDTGISSK	G3H2T4|G3H2U0|G3HDT7|G3HDU3|G3HPV1|G3INX0	LOC100774845|LOC100758641|LOC100773886|LOC100753502|I79_012822|LOC113835016	Cricetulus griseus	1675909.8333333333	1815516.2708333333	1688728.40625	MSMS	MSMS	MSMS
SGSGLVGR	SGSGLVGR	G3HNJ3	Clu	Cricetulus griseus	1979432.875	0	1384037.875	MSMS	NotDetected	MSMS
SGVSLAALK	SGVSLAALK	G3HDU1	LOC100752904	Cricetulus griseus	8333573.1875	8430763	6392525.5625	MSMS	MSMS	MSMS
SGVSLAALKK	SGVSLAALKK	G3HDU1	LOC100752904	Cricetulus griseus	15076794.625	14226677.625	12055710.625	MSMS	MSMS	MSMS
SLVSKGTLVQTK	SLVSKGTLVQTK	G3HDU1	LOC100752904	Cricetulus griseus	0	0	1280282.078125	NotDetected	NotDetected	MSMS
SRTGALGPSKGPLEK	SRTGALGPSKGPLEK	G3HHP8	I79_010154	Cricetulus griseus	164547476.66666666	188426350.66666666	152874757.33333334	MSMS	MSMS	MSMS
TAVVVGTVTDDVR	TAVVVGTVTDDVR	G3HZW3	I79_016627	Cricetulus griseus	831063.0078125	824591.9140625	678266.234375	MSMS	MSMS	MSMS
TC[Common Fixed:Carbamidomethyl on C]AYTNHTVLPEALER	TCAYTNHTVLPEALER	G3H6Z4	I79_006118	Cricetulus griseus	6967297.125	7746951	6353833.375	MSMS	MSMS	MSMS
TGAAPIIDVVR	TGAAPIIDVVR	G3I3W6	Rpl27a	Cricetulus griseus	349371.4210533207	0	0	MSMS	NotDetected	NotDetected
TLDNDIMLIK	TLDNDIMLIK	G3HL18|G3HUC0	I79_011403|I79_014528	Cricetulus griseus	1733676.2561975515	2589155.6082269866	1732147.6541708054	MSMS	MSMS	MSMS
TVTAMDVVYALKR	TVTAMDVVYALKR	G3HPV6	I79_012827	Cricetulus griseus	1366857.9384625056	1465297.84375	1369784.5644034503	MSMS	MSMS	MSMS
VEIIANDQGNR	VEIIANDQGNR	G3H4Z8|G3HZE5|G3HZE6|G3HZE7|G3I8R9|G3IDL7|G3IGQ2	Hspa2|I79_016446|I79_016447|I79_016448|HSPA5|I79_021800|I79_022973	Cricetulus griseus	488466.1953125	0	0	MSMS	NotDetected	NotDetected
VFLENVIR	VFLENVIR	G3HPV6	I79_012827	Cricetulus griseus	3226132.421875	0	3383658.4676506035	MSMS	NotDetected	MSMS
VGENADSQIK	VGENADSQIK	G3I501	LOC100752547	Cricetulus griseus	705384.2421875	703207.7421875	0	MSMS	MSMS	NotDetected
VIISAPSADAPMFVMGVNQDKYDNSLK	VIISAPSADAPMFVMGVNQDKYDNSLK	G3GUM6|G3HMD1|G3IHW0	I79_001391|I79_011887|I79_023416	Cricetulus griseus	0	470725.5241005356	0	NotDetected	MSMS	NotDetected
VLYPNDNFFEGK	VLYPNDNFFEGK	G3H6Z4	I79_006118	Cricetulus griseus	0	7058566.4375	7531187.875	NotDetected	MSMS	MSMS
VPEQLYETEGKIDPTGPFIITEEYANEKEM[Common Variable:Oxidation on M]LASSLSK	VPEQLYETEGKIDPTGPFIITEEYANEKEMLASSLSK	G3H850	I79_006548	Cricetulus griseus	0	0	307820.7543337189	MSMSIdentifiedButNotQuantified	NotDetected	MSMS
VTAGISFAIPSDK	VTAGISFAIPSDK	G3IBF4	I79_020974	Cricetulus griseus	0	894773.4875443499	0	NotDetected	MSMS	NotDetected
VTAGISFAIPSDKIK	VTAGISFAIPSDKIK	G3IBF4	I79_020974	Cricetulus griseus	0	924683.9355328949	0	NotDetected	MSMS	NotDetected
VTIAQGGVLPNIQAVLLPK	VTIAQGGVLPNIQAVLLPK	G3H2T7|G3H2T8;G3HPV6	I79_004539|LOC100758350;I79_012827	Cricetulus griseus	0	1781289.322841657	1321740.498933513	NotDetected	MSMS	MSMS
VVYWTDISEPSIGR	VVYWTDISEPSIGR	G3I3U5	I79_018113	Cricetulus griseus	0	0	0	NotDetected	NotDetected	MSMSIdentifiedButNotQuantified
YALYDATYETK	YALYDATYETK	G3IDM2	Cfl1	Cricetulus griseus	0	809259.671875	0	NotDetected	MSMS	NotDetected
