Protein Accession	Gene	Organism	Protein Full Name	Protein Unmodified Mass	Number of Proteins in Group	Unique Peptides	Shared Peptides	Number of Peptides	Number of Unique Peptides	Sequence Coverage Fraction	Sequence Coverage	Sequence Coverage with Mods	Fragment Sequence Coverage	Modification Info List	Intensity_TEMP_1_DIA_45	Intensity_TEMP_2_DIA_46	Intensity_TEMP_3_DIA_47	Number of PSMs	Protein Decoy/Contaminant/Target	Protein Cumulative Target	Protein Cumulative Decoy	Protein QValue	Best Peptide Score	Best Peptide Notch QValue
G3H6Z4	I79_006118	Cricetulus griseus	Alpha-1,4 glucan phosphorylase	85716.72472388032	1	TCAYTNHTVLPEALER|VLYPNDNFFEGK		2	2	0.03723	mgrtlqntmvnlglqtacdeatyqlgldleeleeieedaglgngglgrlaacfldsmatlglaaygygiryefgifnqkivngwqveeaddwlrygnpwekarpeymlpvhfygrvehtpdgvlwldtqvvlampydtpvpgyknntvntmrlwsakapndfklkdfnvgdyieavldrnlaenisrVLYPNDNFFEGKelrlkqeyfvvaatlqdiirrfkssrfgcrdpvrtcfdtfpdkvaiqlndthpalsipelmrilvdvekvdwdkaweitkkTCAYTNHTVLPEALERwpvsmfekllprhleiiytinqrhldhvaalfpgdvdrlrrmsvieegdckrinmahlcvigshavngvarihseivkqsvfkdfyelepekfqnktngitprrwlllcnpgladiiverigegfltdlselkkllslvddeafirdiakikqenklkfsallekdykvkinpasmfdvhvkriheykrqllnclhiitlynrikkdpakafvprtvmiggkaapgyhmakmiiklvtsigdvvnhdpvvgdrlkviflenyrvslaekvipaadlsqqistagteasgtgnmkfmlngaltigtmdganvemaeeageenlfifgmrvedvealdqkgynarefyerlpelrqavdqissgffspkdpdcfkdvvnmlmyhdrfkvfadyeayiqcqaqvdqlyrnskewtkkvikniacsgkfssdrtiteyareiwgvepsdlqipppnlpkd	mgrtlqntmvnlglqtacdeatyqlgldleeleeieedaglgngglgrlaacfldsmatlglaaygygiryefgifnqkivngwqveeaddwlrygnpwekarpeymlpvhfygrvehtpdgvlwldtqvvlampydtpvpgyknntvntmrlwsakapndfklkdfnvgdyieavldrnlaenisrVLYPNDNFFEGKelrlkqeyfvvaatlqdiirrfkssrfgcrdpvrtcfdtfpdkvaiqlndthpalsipelmrilvdvekvdwdkaweitkkTCAYTNHTVLPEALERwpvsmfekllprhleiiytinqrhldhvaalfpgdvdrlrrmsvieegdckrinmahlcvigshavngvarihseivkqsvfkdfyelepekfqnktngitprrwlllcnpgladiiverigegfltdlselkkllslvddeafirdiakikqenklkfsallekdykvkinpasmfdvhvkriheykrqllnclhiitlynrikkdpakafvprtvmiggkaapgyhmakmiiklvtsigdvvnhdpvvgdrlkviflenyrvslaekvipaadlsqqistagteasgtgnmkfmlngaltigtmdganvemaeeageenlfifgmrvedvealdqkgynarefyerlpelrqavdqissgffspkdpdcfkdvvnmlmyhdrfkvfadyeayiqcqaqvdqlyrnskewtkkvikniacsgkfssdrtiteyareiwgvepsdlqipppnlpkd	mgrtlqntmvnlglqtacdeatyqlgldleeleeieedaglgngglgrlaacfldsmatlglaaygygiryefgifnqkivngwqveeaddwlrygnpwekarpeymlpvhfygrvehtpdgvlwldtqvvlampydtpvpgyknntvntmrlwsakapndfklkdfnvgdyieavldrnlaenisrvlYPNDNFFEGKelrlkqeyfvvaatlqdiirrfkssrfgcrdpvrtcfdtfpdkvaiqlndthpalsipelmrilvdvekvdwdkaweitkkTCAYTNHTVLPEALERwpvsmfekllprhleiiytinqrhldhvaalfpgdvdrlrrmsvieegdckrinmahlcvigshavngvarihseivkqsvfkdfyelepekfqnktngitprrwlllcnpgladiiverigegfltdlselkkllslvddeafirdiakikqenklkfsallekdykvkinpasmfdvhvkriheykrqllnclhiitlynrikkdpakafvprtvmiggkaapgyhmakmiiklvtsigdvvnhdpvvgdrlkviflenyrvslaekvipaadlsqqistagteasgtgnmkfmlngaltigtmdganvemaeeageenlfifgmrvedvealdqkgynarefyerlpelrqavdqissgffspkdpdcfkdvvnmlmyhdrfkvfadyeayiqcqaqvdqlyrnskewtkkvikniacsgkfssdrtiteyareiwgvepsdlqipppnlpkd		14230703.392132847	14789505.511890095	13835015.4135903	19	T	1	0	0	25.334428643239693	0.007326007326007326
G3HDU1	LOC100752904	Cricetulus griseus	H1.2 linker histone, cluster member	21271.696161473537	1	KPAAAAVTK|KPAAAAVTKK	KALAAAGYDVEKNNSR|ALAAAGYDVEKNNSR|KALAAAGYDVEK|ALAAAGYDVEK|SLVSKGTLVQTK|GTGASGSFKLNK|GTGASGSFKLNKK|ASGPPVSELITK|SGVSLAALK|SGVSLAALKK|GTLVQTK	13	2	0.33962	msetapaapaaappaektpakkkaakkpagarrkASGPPVSELITKavaaskerSGVSLAALKKALAAAGYDVEKNNSRiklglkSLVSKGTLVQTKGTGASGSFKLNKKaasgeakpkakkagaakakkpagaakkpkkatgsatpkkaakktpkkakKPAAAAVTKKvakspkkakvakpkkaktaskavkpkaakpkvakpkkvaakkk	msetapaapaaappaektpakkkaakkpagarrkASGPPVSELITKavaaskerSGVSLAALKKALAAAGYDVEKNNSRiklglkSLVSKGTLVQTKGTGASGSFKLNKKaasgeakpkakkagaakakkpagaakkpkkatgsatpkkaakktpkkakKPAAAAVTKKvakspkkakvakpkkaktaskavkpkaakpkvakpkkvaakkk	msetapaapaaappaektpakkkaakkpagarrkasGPPVSELITKavaaskerSGVSLAALKKALAAAGYDVEKNNSRiklglkslVSKGTLVQTKGTGASGSFKLNKKaasgeakpkakkagaakakkpagaakkpkkatgsatpkkaakktpkkakKPAAAAVTKKvakspkkakvakpkkaktaskavkpkaakpkvakpkkvaakkk		63652668.83982906	64369653.285328716	54335915.23420364	80	T	2	0	0	23.353984085398913	0.007326007326007326
G3H2T4|G3H2U0|G3HDT7|G3HDU3|G3HPV1|G3INX0	LOC100774845|LOC100758641|LOC100773886|LOC100753502|I79_012822|LOC113835016	Cricetulus griseus	Histone H2B	13911.573146855584|13913.552411410694|13897.557496791123|13927.568061475155|13953.594944928904|13925.588796920045	6		AMGIMNSFVNDIFER|QVHPDTGISSK|HAVSEGTKAVTKYTSSK|KESYSVYVYK|LLLPGELAK|AVTKYTSSK	6	0	0.49206|0|0|0|0|0	mpdpaksapapkkgskkavtkvqkkdgkkrkrsrKESYSVYVYKvlkQVHPDTGISSKAMGIMNSFVNDIFERiageasrlahynkrstitsreiqtavrLLLPGELAKHAVSEGTKAVTKYTSSK|mpepaksspapkkgskkavtkaqkkdgkkrkrsrkesysvyvykvlkqvhpdtgisskamgimnsfvndiferiageasrlahynkrstitsreiqtavrlllpgelakhavsegtkavtkytssk|mpepaksapapkkgskkavtkaqkkdgkkrkrsrkesysvyvykvlkqvhpdtgisskamgimnsfvndiferiageasrlahynkrstitsreiqtavrlllpgelakhavsegtkavtkytssk|mpepsksapapkkgskkaitkaqkkdgkkrkrsrkesysvyvykvlkqvhpdtgisskamgimnsfvndiferiageasrlahynkrstitsreiqtavrlllpgelakhavsegtkavtkytssk|mpepvksapapkkgskkavtkaqkrdgkkrkrsrkesysvyvykvlkqvhpdtgisskamgimnsfvndiferiageasrlahynkrstitsreiqtavrlllpgelakhavsegtkavtkytssk|mpepvksapapkkgskkavtkaqkkdgkkrkrsrkesysvyvykvlkqvhpdtgisskamgimnsfvndiferiageasrlahynkrstitsreiqtavrlllpgelakhavsegtkavtkytssk	mpdpaksapapkkgskkavtkvqkkdgkkrkrsrKESYSVYVYKvlkQVHPDTGISSKAMGIMNSFVNDIFERiageasrlahynkrstitsreiqtavrLLLPGELAKHAVSEGTKAVTKYTSSK|mpepaksspapkkgskkavtkaqkkdgkkrkrsrkesysvyvykvlkqvhpdtgisskamgimnsfvndiferiageasrlahynkrstitsreiqtavrlllpgelakhavsegtkavtkytssk|mpepaksapapkkgskkavtkaqkkdgkkrkrsrkesysvyvykvlkqvhpdtgisskamgimnsfvndiferiageasrlahynkrstitsreiqtavrlllpgelakhavsegtkavtkytssk|mpepsksapapkkgskkaitkaqkkdgkkrkrsrkesysvyvykvlkqvhpdtgisskamgimnsfvndiferiageasrlahynkrstitsreiqtavrlllpgelakhavsegtkavtkytssk|mpepvksapapkkgskkavtkaqkrdgkkrkrsrkesysvyvykvlkqvhpdtgisskamgimnsfvndiferiageasrlahynkrstitsreiqtavrlllpgelakhavsegtkavtkytssk|mpepvksapapkkgskkavtkaqkkdgkkrkrsrkesysvyvykvlkqvhpdtgisskamgimnsfvndiferiageasrlahynkrstitsreiqtavrlllpgelakhavsegtkavtkytssk	mpdpaksapapkkgskkavtkvqkkdgkkrkrsrKEsysvYVYKvlkQVHPDTGISSKamGIMNSFVNDIFERiageasrlahynkrstitsreiqtavrLLLPGELAKHAVSEGTKAVTKYTSSK|mpepaksspapkkgskkavtkaqkkdgkkrkrsrKEsysvYVYKvlkQVHPDTGISSKamGIMNSFVNDIFERiageasrlahynkrstitsreiqtavrLLLPGELAKHAVSEGTKAVTKYTSSK|mpepaksapapkkgskkavtkaqkkdgkkrkrsrKEsysvYVYKvlkQVHPDTGISSKamGIMNSFVNDIFERiageasrlahynkrstitsreiqtavrLLLPGELAKHAVSEGTKAVTKYTSSK|mpepsksapapkkgskkaitkaqkkdgkkrkrsrKEsysvYVYKvlkQVHPDTGISSKamGIMNSFVNDIFERiageasrlahynkrstitsreiqtavrLLLPGELAKHAVSEGTKAVTKYTSSK|mpepvksapapkkgskkavtkaqkrdgkkrkrsrKEsysvYVYKvlkQVHPDTGISSKamGIMNSFVNDIFERiageasrlahynkrstitsreiqtavrLLLPGELAKHAVSEGTKAVTKYTSSK|mpepvksapapkkgskkavtkaqkkdgkkrkrsrKEsysvYVYKvlkQVHPDTGISSKamGIMNSFVNDIFERiageasrlahynkrstitsreiqtavrLLLPGELAKHAVSEGTKAVTKYTSSK		12728090.440225966	10795309.425482174	10236458.791304363	23	T	3	0	0	19.386923922067687	0.007326007326007326
G3GUM6|G3HMD1|G3IHW0	I79_001391|I79_011887|I79_023416	Cricetulus griseus	Peptidyl-cysteine S-nitrosylase GAPDH|Glyceraldehyde-3-phosphate dehydrogenase	27549.18193062788|NaN|38733.27114507685	3		VIISAPSADAPMFVMGVNQDKYDNSLK	1	0	0.10385|0|0	mvkvgvngfgrigrlvtraaftsgkvevvaindpfidlnymvymfqydsthgkfkgtvkaengklvingkaitifqerdpanikwgdagaeyvvestgvfttmekagahlkggakrVIISAPSADAPMFVMGVNQDKYDNSLKivsnascttnclaplakvihdnfgiveglmttvhaitatqktvdgpsgklwrdgrgaaqnitpastgaakavgkvspelngkltgmafrvptpnvsvvdltcrlekpvclgwaegcl|mvkvgvngfgrigrlvtraaftsrkvevvaindpfidlnymvymfqydsthgkfkgtvkaengklafngkaitifqerdpanikwgdagaeyvvestgvfttmekagahlkggakrviisapsadapmfvmgvnqdkydnslkivsnascttnclaplakvihdnfgiveglmttvhaitatqktvdgpsgklwrdgrgatqniipastgaakavgkvipelngkltgmafrvptpnvsvvdltcrlekpakyedikkvvkqasegplkgilgytedqvvscdfnsdshsstfdagavtvpndnfvkliswydnexxxxxxxxxxxxxxxxxxsppymaske|mtpekerskgsfpehlllitsrapfnsgkvdivaisdpfidlnytfymfqydsthgkfkgtfkaengklvinekavtifqerdptnikwgdagaeyvvestgvfttmekagvllkggakrviisapsadapmfvmgvnqdkydnslkivsnascntnclaslakvihdnfgiveelmttvhaitatqktvddpsgklcitcsrrwgysvslqwrngpgaaqsiipastgtakaagkvnpelngkltgmafrvptpnvsvmfvschltchlekaakyedikkvvkqasegplkgiqgytedqvvscdfnsdshsstfdagagfalndnfvkliswydnefgysnrvgdlmaymaske	mvkvgvngfgrigrlvtraaftsgkvevvaindpfidlnymvymfqydsthgkfkgtvkaengklvingkaitifqerdpanikwgdagaeyvvestgvfttmekagahlkggakrVIISAPSADAPMFVMGVNQDKYDNSLKivsnascttnclaplakvihdnfgiveglmttvhaitatqktvdgpsgklwrdgrgaaqnitpastgaakavgkvspelngkltgmafrvptpnvsvvdltcrlekpvclgwaegcl|mvkvgvngfgrigrlvtraaftsrkvevvaindpfidlnymvymfqydsthgkfkgtvkaengklafngkaitifqerdpanikwgdagaeyvvestgvfttmekagahlkggakrviisapsadapmfvmgvnqdkydnslkivsnascttnclaplakvihdnfgiveglmttvhaitatqktvdgpsgklwrdgrgatqniipastgaakavgkvipelngkltgmafrvptpnvsvvdltcrlekpakyedikkvvkqasegplkgilgytedqvvscdfnsdshsstfdagavtvpndnfvkliswydnexxxxxxxxxxxxxxxxxxsppymaske|mtpekerskgsfpehlllitsrapfnsgkvdivaisdpfidlnytfymfqydsthgkfkgtfkaengklvinekavtifqerdptnikwgdagaeyvvestgvfttmekagvllkggakrviisapsadapmfvmgvnqdkydnslkivsnascntnclaslakvihdnfgiveelmttvhaitatqktvddpsgklcitcsrrwgysvslqwrngpgaaqsiipastgtakaagkvnpelngkltgmafrvptpnvsvmfvschltchlekaakyedikkvvkqasegplkgiqgytedqvvscdfnsdshsstfdagagfalndnfvkliswydnefgysnrvgdlmaymaske	mvkvgvngfgrigrlvtraaftsgkvevvaindpfidlnymvymfqydsthgkfkgtvkaengklvingkaitifqerdpanikwgdagaeyvvestgvfttmekagahlkggakrviIsapsadapmFVMgvNQDKYDNslKivsnascttnclaplakvihdnfgiveglmttvhaitatqktvdgpsgklwrdgrgaaqnitpastgaakavgkvspelngkltgmafrvptpnvsvvdltcrlekpvclgwaegcl|mvkvgvngfgrigrlvtraaftsrkvevvaindpfidlnymvymfqydsthgkfkgtvkaengklafngkaitifqerdpanikwgdagaeyvvestgvfttmekagahlkggakrviIsapsadapmFVMgvNQDKYDNslKivsnascttnclaplakvihdnfgiveglmttvhaitatqktvdgpsgklwrdgrgatqniipastgaakavgkvipelngkltgmafrvptpnvsvvdltcrlekpakyedikkvvkqasegplkgilgytedqvvscdfnsdshsstfdagavtvpndnfvkliswydnexxxxxxxxxxxxxxxxxxsppymaske|mtpekerskgsfpehlllitsrapfnsgkvdivaisdpfidlnytfymfqydsthgkfkgtfkaengklvinekavtifqerdptnikwgdagaeyvvestgvfttmekagvllkggakrviIsapsadapmFVMgvNQDKYDNslKivsnascntnclaslakvihdnfgiveelmttvhaitatqktvddpsgklcitcsrrwgysvslqwrngpgaaqsiipastgtakaagkvnpelngkltgmafrvptpnvsvmfvschltchlekaakyedikkvvkqasegplkgiqgytedqvvscdfnsdshsstfdagagfalndnfvkliswydnefgysnrvgdlmaymaske			470725.5241005361		1	T	4	0	0	17.08918425972699	0.007326007326007326
G3H2T7|G3H2T8	I79_004539|LOC100758350	Cricetulus griseus	Histone H3|Histone H2A	29562.375825628416|14086.889642605676	2		VTIAQGGVLPNIQAVLLPK|HLQLAIRNDEELNKLLGK|AGLQFPVGR|HLQLAIR	4	0	0.17228|0	msgrgkqggkarakaksrssrAGLQFPVGRvhrllrkgnyaervgagapvymaavleyltaeilelagnaardnkktriiprHLQLAIRNDEELNKLLGKVTIAQGGVLPNIQAVLLPKkteshhkakgnemartkqtarkstggkaprkqlatkaarksapatggvkkphryrpgtvalreirryqkstellirklpfqrlvreiaqdfktdlrfqssavmalqeaseaylvglfedtnlcaihakrvtimpkdiqlarrirgera|msgrgkqggkarakaksrssraglqfpvgrvhrllrkgnyaervgagapvymaavleyltaeilelagnaardnkktriiprhlqlairndeelnkllgkvtiaqggvlpniqavllpkkteshhkakgk	msgrgkqggkarakaksrssrAGLQFPVGRvhrllrkgnyaervgagapvymaavleyltaeilelagnaardnkktriiprHLQLAIRNDEELNKLLGKVTIAQGGVLPNIQAVLLPKkteshhkakgnemartkqtarkstggkaprkqlatkaarksapatggvkkphryrpgtvalreirryqkstellirklpfqrlvreiaqdfktdlrfqssavmalqeaseaylvglfedtnlcaihakrvtimpkdiqlarrirgera|msgrgkqggkarakaksrssraglqfpvgrvhrllrkgnyaervgagapvymaavleyltaeilelagnaardnkktriiprhlqlairndeelnkllgkvtiaqggvlpniqavllpkkteshhkakgk	msgrgkqggkarakaksrssragLQFPVGRvhrllrkgnyaervgagapvymaavleyltaeilelagnaardnkktriiprHLQLAIRndEelNKLLGKvtIAQGGVLpniQAVLLPKkteshhkakgnemartkqtarkstggkaprkqlatkaarksapatggvkkphryrpgtvalreirryqkstellirklpfqrlvreiaqdfktdlrfqssavmalqeaseaylvglfedtnlcaihakrvtimpkdiqlarrirgera|msgrgkqggkarakaksrssragLQFPVGRvhrllrkgnyaervgagapvymaavleyltaeilelagnaardnkktriiprHLQLAIRndEelNKLLGKvtIAQGGVLpniQAVLLPKkteshhkakgk		5760806.875900214	4888973.629030903	5652982.697450848	9	T	5	0	0	16.109821972625532	0.007326007326007326
G3HPV6	I79_012827	Cricetulus griseus	Histone H4	28445.717690731035	1		VTIAQGGVLPNIQAVLLPK|NDEELNKLLGR|TVTAMDVVYALKR|ISGLIYEETR|DAVTYTEHAK|AGLQFPVGR|VFLENVIR|DNIQGITKPAIRR	8	0	0.24809	msgrgkqggkarakaktrssraglqfpvgrvhrllrkgnyservgagapvylaavleyltaeilelagnaardnkkpptiprplqlairNDEELNKLLGRvtiaqggvlpniqavllpkkteshhkakgkssvrsaaccikacsqlkaqcfssqrftvtmsgrgkggkglgkggakrhrkvlrDNIQGITKPAIRRlarrggvkrISGLIYEETRgvlkVFLENVIRDAVTYTEHAKrkTVTAMDVVYALKRqgrtlygfgg	msgrgkqggkarakaktrssraglqfpvgrvhrllrkgnyservgagapvylaavleyltaeilelagnaardnkkpptiprplqlairNDEELNKLLGRvtiaqggvlpniqavllpkkteshhkakgkssvrsaaccikacsqlkaqcfssqrftvtmsgrgkggkglgkggakrhrkvlrDNIQGITKPAIRRlarrggvkrISGLIYEETRgvlkVFLENVIRDAVTYTEHAKrkTVTAMDVVYALKRqgrtlygfgg	msgrgkqggkarakaktrssragLQFPVGRvhrllrkgnyservgagapvylaavleyltaeilelagnaardnkkpptiprplqlairNDEELNKLLGRvtIAQGGVLpniQAVLLPKkteshhkakgkssvrsaaccikacsqlkaqcfssqrftvtmsgrgkggkglgkggakrhrkvlrdnIQgiTKpairRlarrggvkrISGLIYEETRgvlkVFLENVIRdaVTYTEHAKrkTVTAMDVVYALKRqgrtlygfgg		14669940.534389373	15807211.790313307	14757680.28333324	26	T	6	0	0	16.109821972625532	0.007326007326007326
G3HNJ3	Clu	Cricetulus griseus	Clusterin	51724.370619987974	1	ASGIMDMLFQDR|KSLLNSLEEAK|SGSGLVGR		3	3	0.06935	mkilllcvgllltwdngmvlgeqevsdnelkemstqgsryinkeiqnavqgvkqiktliektneerKSLLNSLEEAKkkkedalddtrdtemklkafpevcnetmmalweeckpclkqtcmkfyarvcrSGSGLVGRqleeflnqsspfyfwmngdridslmesdrqqsqvldamqdsftrASGIMDMLFQDRffthepqdthyfspfgfphrrphflypksrlvrsliplshygppsfhdmfqpflemihqaqqamdvqfhrpafqfpdkglregeddravckeirhnstgclkmkgqcekcqeilsvdcsannpaqahlrqelndslqmaerltqqynellhslqtkmlntsslleqlneqfnwvsqlanltqgedqyylrvstvtthsnnseepsrvtevvvklfdsdpitvvlpeevskdnpkfmdtvaekalqeyrkksrae	mkilllcvgllltwdngmvlgeqevsdnelkemstqgsryinkeiqnavqgvkqiktliektneerKSLLNSLEEAKkkkedalddtrdtemklkafpevcnetmmalweeckpclkqtcmkfyarvcrSGSGLVGRqleeflnqsspfyfwmngdridslmesdrqqsqvldamqdsftrASGIMDMLFQDRffthepqdthyfspfgfphrrphflypksrlvrsliplshygppsfhdmfqpflemihqaqqamdvqfhrpafqfpdkglregeddravckeirhnstgclkmkgqcekcqeilsvdcsannpaqahlrqelndslqmaerltqqynellhslqtkmlntsslleqlneqfnwvsqlanltqgedqyylrvstvtthsnnseepsrvtevvvklfdsdpitvvlpeevskdnpkfmdtvaekalqeyrkksrae	mkilllcvgllltwdngmvlgeqevsdnelkemstqgsryinkeiqnavqgvkqiktliektneerKSLLNslEEAKkkkedalddtrdtemklkafpevcnetmmalweeckpclkqtcmkfyarvcrSGSGLVGRqleeflnqsspfyfwmngdridslmesdrqqsqvldamqdsftrasGIMDMLFQDRffthepqdthyfspfgfphrrphflypksrlvrsliplshygppsfhdmfqpflemihqaqqamdvqfhrpafqfpdkglregeddravckeirhnstgclkmkgqcekcqeilsvdcsannpaqahlrqelndslqmaerltqqynellhslqtkmlntsslleqlneqfnwvsqlanltqgedqyylrvstvtthsnnseepsrvtevvvklfdsdpitvvlpeevskdnpkfmdtvaekalqeyrkksrae		5164324.627246252	4376489.581717267	3861740.423866549	9	T	7	0	0	15.22650865169558	0.007326007326007326
G3ILU4	I79_024866	Cricetulus griseus	Immunoglobulin V-set domain-containing protein (Fragment)	11516.592349179327	1	GRFTISRDNSK|FTISRDNSK	GRFTISR	3	2	0.10577	gmqckvqlvesggglvqhgksqklscaasgftfssyamnwvrrapgkglewvayinadssyiyyanavkGRFTISRDNSKnsmnlqmndlkfedkpciaveetq	gmqckvqlvesggglvqhgksqklscaasgftfssyamnwvrrapgkglewvayinadssyiyyanavkGRFTISRDNSKnsmnlqmndlkfedkpciaveetq	gmqckvqlvesggglvqhgksqklscaasgftfssyamnwvrrapgkglewvayinadssyiyyanavkgrFTISRDNSKnsmnlqmndlkfedkpciaveetq		516379760.71241295	506630346.81916606	517048508.5720498	27	T	8	0	0	15.080132696491576	0.007326007326007326
G3I196	I79_017147	Cricetulus griseus	Large ribosomal subunit protein eL14	17726.01937631853	1	AAIAAAAAAAAAAK		1	1	0.08537	mpfkcmqltdfilkfphsarqkyvrkawekadintkwsatrwakkidarerkakmtdfdrfkvmkakkmrnriiktevkklqraailkaspkkapvakAAIAAAAAAAAAAKakvpakkgtapgkkaagqkaagqkaaapakgqksqktptqktpaakaagkka	mpfkcmqltdfilkfphsarqkyvrkawekadintkwsatrwakkidarerkakmtdfdrfkvmkakkmrnriiktevkklqraailkaspkkapvakAAIAAAAAAAAAAKakvpakkgtapgkkaagqkaagqkaaapakgqksqktptqktpaakaagkka	mpfkcmqltdfilkfphsarqkyvrkawekadintkwsatrwakkidarerkakmtdfdrfkvmkakkmrnriiktevkklqraailkaspkkapvakaaIAAAAAAAAAAKakvpakkgtapgkkaagqkaagqkaaapakgqksqktptqktpaakaagkka		547864.7421874993	469404.96093749977	460450.5139661547	3	T	9	0	0	15.07744729457898	0.007326007326007326
G3IBF4	I79_020974	Cricetulus griseus	Serine protease HTRA1	28700.12735770418	1	VTAGISFAIPSDK|KENTLNMVVR|LPVLLLGR|KFLTESHDR|VTAGISFAIPSDKIK		5	5	0.15672	mastdnlcghvipeagktelsarpgpqrngavlvgllqcgrahissqtlphpaviaegkLPVLLLGRsselrpgefvvaigspfslqntvttgivsttqrggkelglrnsdmdyiqtdaiindgevigintlkVTAGISFAIPSDKIKKFLTESHDRqakgkavtkkkyigirmmsltssskakelkdrhrdfpdvlsgayiievipdtpaeagglkendviisingqsvvtandvsdvikKENTLNMVVRrgnedimltvipeeidp	mastdnlcghvipeagktelsarpgpqrngavlvgllqcgrahissqtlphpaviaegkLPVLLLGRsselrpgefvvaigspfslqntvttgivsttqrggkelglrnsdmdyiqtdaiindgevigintlkVTAGISFAIPSDKIKKFLTESHDRqakgkavtkkkyigirmmsltssskakelkdrhrdfpdvlsgayiievipdtpaeagglkendviisingqsvvtandvsdvikKENTLNMVVRrgnedimltvipeeidp	mastdnlcghvipeagktelsarpgpqrngavlvgllqcgrahissqtlphpaviaegkLPVLLLGRsselrpgefvvaigspfslqntvttgivsttqrggkelglrnsdmdyiqtdaiindgevigintlkvtAGISFAIPSDKiKKFLTESHDRqakgkavtkkkyigirmmsltssskakelkdrhrdfpdvlsgayiievipdtpaeagglkendviisingqsvvtandvsdvikKENTLNMVVRrgnedimltvipeeidp		12717601.975271402	12252862.013296878	10704108.078474626	15	T	10	0	0	13.13865025564128	0.007326007326007326
G3HZW3	I79_016627	Cricetulus griseus	60S ribosomal protein L18	15235.529266105117	1	TAVVVGTVTDDVR		1	1	0.09559	msrtnrpplslsrmirkmklpgrenkTAVVVGTVTDDVRilevpklkvcalrvssrarsrilkaggkiltfdqlalespkgrgtvllsgprkgrevyrhfgkapgtphshtkpyvrskgrkferargrrasrgykn	msrtnrpplslsrmirkmklpgrenkTAVVVGTVTDDVRilevpklkvcalrvssrarsrilkaggkiltfdqlalespkgrgtvllsgprkgrevyrhfgkapgtphshtkpyvrskgrkferargrrasrgykn	msrtnrpplslsrmirkmklpgrenkTAVVVGTVtdDVRilevpklkvcalrvssrarsrilkaggkiltfdqlalespkgrgtvllsgprkgrevyrhfgkapgtphshtkpyvrskgrkferargrrasrgykn		831063.0078125009	824591.9140625016	678266.2343750005	3	T	11	0	0	13.105256590358605	0.007326007326007326
G3H1W4	Tinagl1	Cricetulus griseus	Tubulointerstitial nephritis antigen-like	52485.80184554503	1	ITGWGEEKLPDGR		1	1	0.02796	mwgcrlgllllllagqaalearrsrwrrelapglhlrgirdaggrycqerdmccrgraddcalpylgatcycdlfcnrtvsdccpdfwdfclgvpppfppiqgcmhggriypvfgtywdncnrctcqekgqwecdqepclvdpdminainrgnygwqagnhsafwgmtldegiryrlgtirpsssvmnmneiytalgrgevlprafeasekwpnliqepldqgncagswafstaavasdrvsihsmghmtpilspqnllscdthhqqgcrggrldgawwflrrrgvvsdncypfvgreqneagtssrcmmhsramgrgkrqatsrcpngqvdsndiyqvtpayrlgsdekeimkelmengpvqalmevhedfflyqsgiyshtpisqgrpeqyrrhgthsvkITGWGEEKLPDGRtikywtaanswgpwwgerghfrivrgtnecdiesfvlgvwgrvgmedmgh	mwgcrlgllllllagqaalearrsrwrrelapglhlrgirdaggrycqerdmccrgraddcalpylgatcycdlfcnrtvsdccpdfwdfclgvpppfppiqgcmhggriypvfgtywdncnrctcqekgqwecdqepclvdpdminainrgnygwqagnhsafwgmtldegiryrlgtirpsssvmnmneiytalgrgevlprafeasekwpnliqepldqgncagswafstaavasdrvsihsmghmtpilspqnllscdthhqqgcrggrldgawwflrrrgvvsdncypfvgreqneagtssrcmmhsramgrgkrqatsrcpngqvdsndiyqvtpayrlgsdekeimkelmengpvqalmevhedfflyqsgiyshtpisqgrpeqyrrhgthsvkITGWGEEKLPDGRtikywtaanswgpwwgerghfrivrgtnecdiesfvlgvwgrvgmedmgh	mwgcrlgllllllagqaalearrsrwrrelapglhlrgirdaggrycqerdmccrgraddcalpylgatcycdlfcnrtvsdccpdfwdfclgvpppfppiqgcmhggriypvfgtywdncnrctcqekgqwecdqepclvdpdminainrgnygwqagnhsafwgmtldegiryrlgtirpsssvmnmneiytalgrgevlprafeasekwpnliqepldqgncagswafstaavasdrvsihsmghmtpilspqnllscdthhqqgcrggrldgawwflrrrgvvsdncypfvgreqneagtssrcmmhsramgrgkrqatsrcpngqvdsndiyqvtpayrlgsdekeimkelmengpvqalmevhedfflyqsgiyshtpisqgrpeqyrrhgthsvkITgwGEEKLPDGRtikywtaanswgpwwgerghfrivrgtnecdiesfvlgvwgrvgmedmgh			176472.9494617285	289229.3436541812	2	T	12	0	0	12.15992864010592	0.007326007326007326
G3HHP8	I79_010154	Cricetulus griseus	Retinoic acid-induced protein 1	187502.99221525647	1	SRTGALGPSKGPLEK		1	1	0.0085	mctaglfsgeeslqtwggpqppppqpqplpgavskyeenlmkktvvppnrqypeqgpqlpfrtlslhapppqpqqplaypklqrqkpqsdlasrlpfpqsshfpkhsqsfpasstfapavqgsgqgahsyksctapsaqphdrpmsanaslapgqrvqnlhayqsgrlgyeqqqqalqgrhhtqetlhyqnlakyqhygqqgqgycppdtavrtpeqyyqtfspssshsparsvgrspsysstpsplmpnlenfpysqqplstgafptgitdhshfmpllnpsptdaassvdpqvsnckplqkeklpdnllsdlslqsltaltsqvenisntvqqlllskaampqkkgvkslvsrtpeqhksqhcspegsgysaepagtplseppsstpqsthaepqdtdylsgsedplersflycsqargsparvnnnskakpesvstcsvtspddmstksddsfqslhstlpldsfskfvagerdcprlllsalaqedlaseilglqeaivekadkawaeasslpkdngkppfslenhstcldtvaktswsqsgepetlpeplqldkggstkdfspglfedpsvafattdpkkttsplsfgtkpllgaatpdptpaafdcfpdtttassvdsanpfawpeenlgdacprwglhpgeltksleqgvkasdnvgkadaheasaclgfqedhaigkqaatlsgdfkqqeadgvkeevggllqcpevgkadqwlgdsqhccsstdfgdlpllpppgrkedleaeeeysslcellgspeqrpslqdplspkaplictkeeaeevldtkagwaspchlsgepavllgpsvgaeskvqswfesslshmkpgedgpemerapgssttsegslapkpnkpavpevpiakkepvprgkslrsrrvqrglpeaedspcrvpalpkdlllpesctgppqaqaegagapgrglseglprmctrsltalsepqtpgppgltttptppdklggkqraafksgkrvgkpspkaasspsnpaalpvasdsspmgsktkepdspsipgkdqrsmvlrsrtkpqqvfhakrrrpsesripecratkklpatnhlptafkvssgpqkegwvsqrvkvpkpgtgsklsdrplhalkrksafmapvptkkrslilrsssgsgadgreerpesspgllrrmaspqrarprgsgepppppsleppavcvglatpsslpsavrtkvlpprkgrglkleaivqkitspglkklacrvagappgtprspalpekqtggspagaeeglggmgpgqmlpaasgadtlcrnpasrslkgkllsskklsstadcpkaeafmspetlpslgtarapkkrsrkSRTGALGPSKGPLEKrpcpgqtlilathdrasstqgggedsssgggkkpkteelglasqppegrpqqpqtraqkqpgqasyssyskrkrlsrgraktthaspckgratrrrqqqvlpldpaepeirlkyissckrqradsrtpafspfvrvekrdayttictvvnspgdepkphwkpsssaasssslepagasltafpggpvlqprpslplsstmhlgpvvskalitsclvcclcqnpanfkdlgdlcgpyypehclpkkkpklkekvrlecafeetslplertlkglecaastittitttttlgrlsrpdgpadpakqgslrtsarglsrrlqscyccdgqgdggeevapadksrkhecskeapaepggdtqehwvheacavwtsgvylvagklfglqeamkvavdmpcsscheagatiscsykgcihtyhypcandtgks	mctaglfsgeeslqtwggpqppppqpqplpgavskyeenlmkktvvppnrqypeqgpqlpfrtlslhapppqpqqplaypklqrqkpqsdlasrlpfpqsshfpkhsqsfpasstfapavqgsgqgahsyksctapsaqphdrpmsanaslapgqrvqnlhayqsgrlgyeqqqqalqgrhhtqetlhyqnlakyqhygqqgqgycppdtavrtpeqyyqtfspssshsparsvgrspsysstpsplmpnlenfpysqqplstgafptgitdhshfmpllnpsptdaassvdpqvsnckplqkeklpdnllsdlslqsltaltsqvenisntvqqlllskaampqkkgvkslvsrtpeqhksqhcspegsgysaepagtplseppsstpqsthaepqdtdylsgsedplersflycsqargsparvnnnskakpesvstcsvtspddmstksddsfqslhstlpldsfskfvagerdcprlllsalaqedlaseilglqeaivekadkawaeasslpkdngkppfslenhstcldtvaktswsqsgepetlpeplqldkggstkdfspglfedpsvafattdpkkttsplsfgtkpllgaatpdptpaafdcfpdtttassvdsanpfawpeenlgdacprwglhpgeltksleqgvkasdnvgkadaheasaclgfqedhaigkqaatlsgdfkqqeadgvkeevggllqcpevgkadqwlgdsqhccsstdfgdlpllpppgrkedleaeeeysslcellgspeqrpslqdplspkaplictkeeaeevldtkagwaspchlsgepavllgpsvgaeskvqswfesslshmkpgedgpemerapgssttsegslapkpnkpavpevpiakkepvprgkslrsrrvqrglpeaedspcrvpalpkdlllpesctgppqaqaegagapgrglseglprmctrsltalsepqtpgppgltttptppdklggkqraafksgkrvgkpspkaasspsnpaalpvasdsspmgsktkepdspsipgkdqrsmvlrsrtkpqqvfhakrrrpsesripecratkklpatnhlptafkvssgpqkegwvsqrvkvpkpgtgsklsdrplhalkrksafmapvptkkrslilrsssgsgadgreerpesspgllrrmaspqrarprgsgepppppsleppavcvglatpsslpsavrtkvlpprkgrglkleaivqkitspglkklacrvagappgtprspalpekqtggspagaeeglggmgpgqmlpaasgadtlcrnpasrslkgkllsskklsstadcpkaeafmspetlpslgtarapkkrsrkSRTGALGPSKGPLEKrpcpgqtlilathdrasstqgggedsssgggkkpkteelglasqppegrpqqpqtraqkqpgqasyssyskrkrlsrgraktthaspckgratrrrqqqvlpldpaepeirlkyissckrqradsrtpafspfvrvekrdayttictvvnspgdepkphwkpsssaasssslepagasltafpggpvlqprpslplsstmhlgpvvskalitsclvcclcqnpanfkdlgdlcgpyypehclpkkkpklkekvrlecafeetslplertlkglecaastittitttttlgrlsrpdgpadpakqgslrtsarglsrrlqscyccdgqgdggeevapadksrkhecskeapaepggdtqehwvheacavwtsgvylvagklfglqeamkvavdmpcsscheagatiscsykgcihtyhypcandtgks	mctaglfsgeeslqtwggpqppppqpqplpgavskyeenlmkktvvppnrqypeqgpqlpfrtlslhapppqpqqplaypklqrqkpqsdlasrlpfpqsshfpkhsqsfpasstfapavqgsgqgahsyksctapsaqphdrpmsanaslapgqrvqnlhayqsgrlgyeqqqqalqgrhhtqetlhyqnlakyqhygqqgqgycppdtavrtpeqyyqtfspssshsparsvgrspsysstpsplmpnlenfpysqqplstgafptgitdhshfmpllnpsptdaassvdpqvsnckplqkeklpdnllsdlslqsltaltsqvenisntvqqlllskaampqkkgvkslvsrtpeqhksqhcspegsgysaepagtplseppsstpqsthaepqdtdylsgsedplersflycsqargsparvnnnskakpesvstcsvtspddmstksddsfqslhstlpldsfskfvagerdcprlllsalaqedlaseilglqeaivekadkawaeasslpkdngkppfslenhstcldtvaktswsqsgepetlpeplqldkggstkdfspglfedpsvafattdpkkttsplsfgtkpllgaatpdptpaafdcfpdtttassvdsanpfawpeenlgdacprwglhpgeltksleqgvkasdnvgkadaheasaclgfqedhaigkqaatlsgdfkqqeadgvkeevggllqcpevgkadqwlgdsqhccsstdfgdlpllpppgrkedleaeeeysslcellgspeqrpslqdplspkaplictkeeaeevldtkagwaspchlsgepavllgpsvgaeskvqswfesslshmkpgedgpemerapgssttsegslapkpnkpavpevpiakkepvprgkslrsrrvqrglpeaedspcrvpalpkdlllpesctgppqaqaegagapgrglseglprmctrsltalsepqtpgppgltttptppdklggkqraafksgkrvgkpspkaasspsnpaalpvasdsspmgsktkepdspsipgkdqrsmvlrsrtkpqqvfhakrrrpsesripecratkklpatnhlptafkvssgpqkegwvsqrvkvpkpgtgsklsdrplhalkrksafmapvptkkrslilrsssgsgadgreerpesspgllrrmaspqrarprgsgepppppsleppavcvglatpsslpsavrtkvlpprkgrglkleaivqkitspglkklacrvagappgtprspalpekqtggspagaeeglggmgpgqmlpaasgadtlcrnpasrslkgkllsskklsstadcpkaeafmspetlpslgtarapkkrsrksrtgalgpSkgPLEKrpcpgqtlilathdrasstqgggedsssgggkkpkteelglasqppegrpqqpqtraqkqpgqasyssyskrkrlsrgraktthaspckgratrrrqqqvlpldpaepeirlkyissckrqradsrtpafspfvrvekrdayttictvvnspgdepkphwkpsssaasssslepagasltafpggpvlqprpslplsstmhlgpvvskalitsclvcclcqnpanfkdlgdlcgpyypehclpkkkpklkekvrlecafeetslplertlkglecaastittitttttlgrlsrpdgpadpakqgslrtsarglsrrlqscyccdgqgdggeevapadksrkhecskeapaepggdtqehwvheacavwtsgvylvagklfglqeamkvavdmpcsscheagatiscsykgcihtyhypcandtgks		164547476.6666666	188426350.66666692	152874757.33333308	5	T	13	0	0	12.130409486868258	0.007326007326007326
G3I501	LOC100752547	Cricetulus griseus	Histone H1.0	20888.222091929965	1	VGENADSQIK|LVTTGVLK|LVTTGVLKQTK		3	3	0.10825	mtenststpaakpkrakaskkstdhpkysdmivaaiqaeknragssrqsiqkyikshykVGENADSQIKlsikrLVTTGVLKQTKgvgasgsfrlakgdepkrsvafkktkkevkkvatpkkaakpkkaaakapskkpkatpvkkakkkpaatpkkakkpkivkakpvkttkpkkakpvkpkakssakraskkk	mtenststpaakpkrakaskkstdhpkysdmivaaiqaeknragssrqsiqkyikshykVGENADSQIKlsikrLVTTGVLKQTKgvgasgsfrlakgdepkrsvafkktkkevkkvatpkkaakpkkaaakapskkpkatpvkkakkkpaatpkkakkpkivkakpvkttkpkkakpvkpkakssakraskkk	mtenststpaakpkrakaskkstdhpkysdmivaaiqaeknragssrqsiqkyikshykVGENADSQIKlsikrlvTTGVLKQTKgvgasgsfrlakgdepkrsvafkktkkevkkvatpkkaakpkkaaakapskkpkatpvkkakkkpaatpkkakkpkivkakpvkttkpkkakpvkpkakssakraskkk		2116020.007032024	2109565.3068919526	1415274.3217216546	7	T	14	0	0	11.258919737036484	0.007326007326007326
DECOY_G3HZE9	I79_016450	Cricetulus griseus	Valine--tRNA ligase	NaN	1	LAALVAK		1	1	0.0047	mlmkqflaiaedvkrleaqtqqlkaedaeqvelpvkasygsaarreqlrqaqrqaesrraqlkglerapdvlgqlqlhiscrdsavavacgqpapaglalvavvgasalaqvygsvssalagtaedavelfcdprtrtlnydarlsrvartislalemaaeaepdkwscespepyptvclsapaaptrrplrqfleetvfpmfpsllrlgvdlctyltqracevavqdagnlvpklcelyvdcleylwfsyqattiapfdyaqfgenslrvaetlrsriwrdvlsehgepkstplpvfskglgrlafktanwlkncfhryglirnvdlnidrgqstyaclgfrladtgcepigapfdakqgekakevetpdlnsnllqdhlgqlsvghivdlpdivnglsksmkrghadrviahlyverfplrgtlklglmvmravwfflidhgtelltgpyfvsldesqnpwgfisfpflgssfwtdlvdedllpwldstlpipfcawsgwqtgvrrawergqqlsikdpsvgferaakeraeaetrgsvwyrgdpdegppvapdsvtvfyapirhgwwlqrsicwdrindmwshwtrqhaeplirldgrtvaasaaqamegcrvywqprllpevvdksrnclpvvmpndkigrflgrekLAALVAKraefrpmglfpppvnvltgksdmigiaelghrqgveydnqdhaptikvagtgfemdvfddfvvplsqslfphivrkgklhqyrpdkphvavavdglmteirttavvveedsdsgqvkyafsvlvgfevkekygpvslltrgtlekkdveidsiasnltcswnvlrtsryivgeehlrvfaetvavslkeqlfaerglqhrnvgrerwlkkevvvqtaigahdcgpnwlttegrmrhwrtlsdqiantlahglhlsgtvnpppicmmfvgrpnpaslsprgyepkffgqrewwpywaaevyqpsysdpmtgsvdkkegpqtpldytivgpdrkekkepkpkkegpppqqlqtkqkqqfkelkerkkaekklqaatkptatgepgpqqtvsrtgsylvveglvarfepqrvctnfwrtvngwirrvapdlvyrfplllatvaavdaltpadgalythlrlwdelpslakglaglaaqpdqgpsrlglapltagcaapiletdaysxxxxxxxxxxxxxxxxxxxxxxxxxxxxxxxxxxxxxxxxxxxxxxxxxxxxxxxxxxxxxxxxxxxxxxxxxxxxxxxxxxxxxxxxxxxxxxxxxxxxxxxxxxxxxxxxxxxxxxxxxxxxxxxxxxxxxxxxxxxxxxxxxxxxxxxxxxxxxxxxxxxxxxxxxxxxxxxxxxxxxxxxxxxxxxxxxxxxxxxxxxxxxxxxxxxxxxxxxxxxxxxxxxxxxxxxxxxxxxxxxxxxxxxxxxxxxxxxxxxxqhlarlprvpqykngatrplgpidgwcwlslclcqlqqtfcvtprggsnknckkqtcklahpfvtte	mlmkqflaiaedvkrleaqtqqlkaedaeqvelpvkasygsaarreqlrqaqrqaesrraqlkglerapdvlgqlqlhiscrdsavavacgqpapaglalvavvgasalaqvygsvssalagtaedavelfcdprtrtlnydarlsrvartislalemaaeaepdkwscespepyptvclsapaaptrrplrqfleetvfpmfpsllrlgvdlctyltqracevavqdagnlvpklcelyvdcleylwfsyqattiapfdyaqfgenslrvaetlrsriwrdvlsehgepkstplpvfskglgrlafktanwlkncfhryglirnvdlnidrgqstyaclgfrladtgcepigapfdakqgekakevetpdlnsnllqdhlgqlsvghivdlpdivnglsksmkrghadrviahlyverfplrgtlklglmvmravwfflidhgtelltgpyfvsldesqnpwgfisfpflgssfwtdlvdedllpwldstlpipfcawsgwqtgvrrawergqqlsikdpsvgferaakeraeaetrgsvwyrgdpdegppvapdsvtvfyapirhgwwlqrsicwdrindmwshwtrqhaeplirldgrtvaasaaqamegcrvywqprllpevvdksrnclpvvmpndkigrflgrekLAALVAKraefrpmglfpppvnvltgksdmigiaelghrqgveydnqdhaptikvagtgfemdvfddfvvplsqslfphivrkgklhqyrpdkphvavavdglmteirttavvveedsdsgqvkyafsvlvgfevkekygpvslltrgtlekkdveidsiasnltcswnvlrtsryivgeehlrvfaetvavslkeqlfaerglqhrnvgrerwlkkevvvqtaigahdcgpnwlttegrmrhwrtlsdqiantlahglhlsgtvnpppicmmfvgrpnpaslsprgyepkffgqrewwpywaaevyqpsysdpmtgsvdkkegpqtpldytivgpdrkekkepkpkkegpppqqlqtkqkqqfkelkerkkaekklqaatkptatgepgpqqtvsrtgsylvveglvarfepqrvctnfwrtvngwirrvapdlvyrfplllatvaavdaltpadgalythlrlwdelpslakglaglaaqpdqgpsrlglapltagcaapiletdaysxxxxxxxxxxxxxxxxxxxxxxxxxxxxxxxxxxxxxxxxxxxxxxxxxxxxxxxxxxxxxxxxxxxxxxxxxxxxxxxxxxxxxxxxxxxxxxxxxxxxxxxxxxxxxxxxxxxxxxxxxxxxxxxxxxxxxxxxxxxxxxxxxxxxxxxxxxxxxxxxxxxxxxxxxxxxxxxxxxxxxxxxxxxxxxxxxxxxxxxxxxxxxxxxxxxxxxxxxxxxxxxxxxxxxxxxxxxxxxxxxxxxxxxxxxxxxxxxxxxxqhlarlprvpqykngatrplgpidgwcwlslclcqlqqtfcvtprggsnknckkqtcklahpfvtte	mlmkqflaiaedvkrleaqtqqlkaedaeqvelpvkasygsaarreqlrqaqrqaesrraqlkglerapdvlgqlqlhiscrdsavavacgqpapaglalvavvgasalaqvygsvssalagtaedavelfcdprtrtlnydarlsrvartislalemaaeaepdkwscespepyptvclsapaaptrrplrqfleetvfpmfpsllrlgvdlctyltqracevavqdagnlvpklcelyvdcleylwfsyqattiapfdyaqfgenslrvaetlrsriwrdvlsehgepkstplpvfskglgrlafktanwlkncfhryglirnvdlnidrgqstyaclgfrladtgcepigapfdakqgekakevetpdlnsnllqdhlgqlsvghivdlpdivnglsksmkrghadrviahlyverfplrgtlklglmvmravwfflidhgtelltgpyfvsldesqnpwgfisfpflgssfwtdlvdedllpwldstlpipfcawsgwqtgvrrawergqqlsikdpsvgferaakeraeaetrgsvwyrgdpdegppvapdsvtvfyapirhgwwlqrsicwdrindmwshwtrqhaeplirldgrtvaasaaqamegcrvywqprllpevvdksrnclpvvmpndkigrflgrekLAALVAKraefrpmglfpppvnvltgksdmigiaelghrqgveydnqdhaptikvagtgfemdvfddfvvplsqslfphivrkgklhqyrpdkphvavavdglmteirttavvveedsdsgqvkyafsvlvgfevkekygpvslltrgtlekkdveidsiasnltcswnvlrtsryivgeehlrvfaetvavslkeqlfaerglqhrnvgrerwlkkevvvqtaigahdcgpnwlttegrmrhwrtlsdqiantlahglhlsgtvnpppicmmfvgrpnpaslsprgyepkffgqrewwpywaaevyqpsysdpmtgsvdkkegpqtpldytivgpdrkekkepkpkkegpppqqlqtkqkqqfkelkerkkaekklqaatkptatgepgpqqtvsrtgsylvveglvarfepqrvctnfwrtvngwirrvapdlvyrfplllatvaavdaltpadgalythlrlwdelpslakglaglaaqpdqgpsrlglapltagcaapiletdaysxxxxxxxxxxxxxxxxxxxxxxxxxxxxxxxxxxxxxxxxxxxxxxxxxxxxxxxxxxxxxxxxxxxxxxxxxxxxxxxxxxxxxxxxxxxxxxxxxxxxxxxxxxxxxxxxxxxxxxxxxxxxxxxxxxxxxxxxxxxxxxxxxxxxxxxxxxxxxxxxxxxxxxxxxxxxxxxxxxxxxxxxxxxxxxxxxxxxxxxxxxxxxxxxxxxxxxxxxxxxxxxxxxxxxxxxxxxxxxxxxxxxxxxxxxxxxxxxxxxxqhlarlprvpqykngatrplgpidgwcwlslclcqlqqtfcvtprggsnknckkqtcklahpfvtte					1	D	14	1	0.04	11.216451134518076	0.007326007326007326
G3H4Z8|G3HZE5|G3HZE6|G3HZE7|G3I8R9|G3IDL7|G3IGQ2	Hspa2|I79_016446|I79_016447|I79_016448|HSPA5|I79_021800|I79_022973	Cricetulus griseus	Heat shock-related 70 kDa protein 2|Heat shock 70 kDa protein 1A|Heat shock 70 kDa protein 1A/1B|Heat shock 70 kDa protein 1-like|Endoplasmic reticulum chaperone BiP|Heat shock cognate 71 kDa protein	69625.69851578107|69874.89316506223|69840.95306272201|70490.1722929112|72334.40291939292|22681.49750405442|7399.67041085894	7		VEIIANDQGNR	1	0	0.01735|0|0|0|0|0|0	msargpaigidlgttyscvgvfqhgkVEIIANDQGNRttpsyvaftdterligdaaknqvamnptntifdakrligrkfedatvqsdmkhwpfrvvseggkpkvqveykgemktffpeeissmvltkmkeiaeaylggkvqsavitvpayfndsqrqatkdagtitglnvlriineptaaaiaygldkkgcaggeknvlifdlgggtfdvsiltiedgifevkstagdthlggedfdnrmvshlaeefkrkhkkdigpnkravrrlrtacerakrtlssstqasieidslyegvdfytsitrarfeelnadlfrgtlepvekalrdakldkgqiqeivlvggstripkiqkllqdffngkelnksinpdeavaygaavqaailigdksenvqdlllldvtplslgietaggvmtplikrnttiptkqtqtfttysdnqssvlvqvyegeramtkdnnllgkfdltgippaprgvpqievtfdidangilnvtaadkstgkenkititndkgrlskddidrmvqeaeryksedeanrdrvaaknavesytynikqtvedeklrgkiseqdknkildkcqevinwldrnqmaekdeyehkqkelervcnpiisklyqggpggggggsggptieevd|makstaigidlgttyscvgvfqhgkveiiandqgnrttpsyvaftdterligdaaknqvalnpqntvfdakrligrkfgdavvqadmkhwpfqvvndgdkpkvqvsykgetrafypeeissmvltkmkevaeaylghpvtnavitvpayfndsqrqatkdagviaglnvlriineptaaaiaygldrsgkgernvlifdlgggtfdvsiltiddgifevkatagdthlggedfdnrlvshfveefkrkhkkdisqnkravrrlrtacerakrtlssstqanleidslfegidfytsitrarfeelcadlfrgtlepvekslrdakmdkakihdivlvggstripkvqkllqdffngrdlnksinpdeavaygaavqaailmgdksenvqdlllldvaplslgletaggvmtalikrnstiptkqtqtfttysdnqpgvliqvyegeramtrdnnllgrfelsgippaprgvpqievtfdidangilnvtatdkstgkankititndkgrlskeeiermvqeaerykaedevqrervaaknalesyafnmksavedeglkgkiseadrkkvldgcqeviswldantladkeefvhkrqelervcgpivsglyqgagapgaggfgaqapkggsgsgptieevd|makstaigidlgttyscvgvfqhgkveiiandqgnrttpsyvaftdterligdaaknqvalnpqntvfdakrligrkfgdavvqadmkhwpfqvvndgdkpkvqvsykgetrafypeeissmvltkmkevaeaylghpvtnavitvpayfndsqrqatkdagviaglnvlriineptaaaiaygldrsgkgernvlifdlgggtfdvsiltiddgifevkatagdthlggedfdnrlvshfveefkrkhkkdisqnkravrrlrtacerakrtlssstqasleidslfegidfytsitrarfeelcsdlfrgtlepvekalrdakldkaqihdlvlvggstripkvqkllqdffngrdlnksinpdeavaygaavqaailmgdksenvqdlllldvaplslgletaggvmtalikrnstiptkqtqtfttysdnqpgvliqvyageramtrdnnllgrfelsgippaprgvpqievtfdidangilnvtatdkstgkankititndkgrlrkeeiermvqeaerykaedevqrervaaknalesyafnmksavedeglkgkiseadrkkvldgcqeviswldantladkeefvhkrqelervcgpivsglyqgagapgaggfgaqapkggsgsgptieevd|maankgmaigidlgttyscvgvfqhgkveiiandqgnrttpsyvaftdterligdaaknqvamnpqntvfdakrligrkfndpvvqsdmklwpfqvineagkpkvlvsykgekkafypeeissmvltkmketaeaflghnvtnavitvpayfndsqrqatkdagviaglnvlriineptaaaiaygldkgshgerhvlifdlgggtfdvsiltiddgifevkatagdthlggedfdnrlvshfveefkrkhkkdisqnkravrrlrtacerakrtlssstqasleidslfegidfytsitrarfeelcadlfrgtlepvekslrdakmdkakihdivlvggstripkvqkllqdyfngrdlnksinpdeavaygaavqaailmgdksekvqdlllldvaplslgletaggvmtvlikrnstiptkqtqifttysdnqpgvliqvyegeramtrdnnllgrfdltgippaprgvpqievtfdidangilnvtamdkstgkankititndkgrlskeeiermvqeaekykaedegqrekiaaknalesyafnmksavsdeglkdkisesdkkkildkcnevlswleanqlaekdefdhkrkelenmcnpvitklyqggctgptcapgytpsraatgptieevd|mkfpmvaaallllcavraeeedkkedvgtvvgidlgttyscvgvfkngrveiiandqgnritpsyvaftpegerligdaaknqltsnpentvfdakrligrtwndpsvqqdikflpfkvvekktkpyiqvdigggqtktfapeeisamvltkmketaeaylgkkvthavvtvpayfndaqrqatkdagtiaglnvmriineptaaaiaygldkregeknilvfdlgggtfdvslltidngvfevvatngdthlggedfdqrvmehfiklykkktgkdvrkdnravqklrrevekakralssqhqarieiesffegedfsetltrakfeelnmdlfrstmkpvqkvledsdlkksdideivlvggstripkiqqlvkeffngkepsrginpdeavaygaavqagvlsgdqdtgdlvlldvcpltlgietvggvmtkliprntvvptkksqifstasdnqptvtikvyegerpltkdnhllgtfdltgippaprgvpqievtfeidvngilrvtaedkgtgnknkititndqnrltpeeiermvndaekfaeedkklkeridtrnelesyayslknqigdkeklggklssedketmekaveekiewleshqdadiedfkakkkeleeivqpiisklygsagppptgeedtsekdel|mskgsavgidlgttyscvgvfqhgkveiiandqgnrttpsyvaftdterligdaaknqvamnptntvfdakrligrrfddavvqsdmkhwpfmvvndagrpkvqveykgeaksfypeemkeiaeaylgktvtnavvtvpayfndsqrqatkdagtiaglnvlriineptaaaiaygldkkvgaernvlifdlgggtfdvsiftiedgif|mskgpavgidlgttyscvgvfqhgkveiiandqgnrttpsyvaftdterligdaaknqvamnptntvfgk	msargpaigidlgttyscvgvfqhgkVEIIANDQGNRttpsyvaftdterligdaaknqvamnptntifdakrligrkfedatvqsdmkhwpfrvvseggkpkvqveykgemktffpeeissmvltkmkeiaeaylggkvqsavitvpayfndsqrqatkdagtitglnvlriineptaaaiaygldkkgcaggeknvlifdlgggtfdvsiltiedgifevkstagdthlggedfdnrmvshlaeefkrkhkkdigpnkravrrlrtacerakrtlssstqasieidslyegvdfytsitrarfeelnadlfrgtlepvekalrdakldkgqiqeivlvggstripkiqkllqdffngkelnksinpdeavaygaavqaailigdksenvqdlllldvtplslgietaggvmtplikrnttiptkqtqtfttysdnqssvlvqvyegeramtkdnnllgkfdltgippaprgvpqievtfdidangilnvtaadkstgkenkititndkgrlskddidrmvqeaeryksedeanrdrvaaknavesytynikqtvedeklrgkiseqdknkildkcqevinwldrnqmaekdeyehkqkelervcnpiisklyqggpggggggsggptieevd|makstaigidlgttyscvgvfqhgkveiiandqgnrttpsyvaftdterligdaaknqvalnpqntvfdakrligrkfgdavvqadmkhwpfqvvndgdkpkvqvsykgetrafypeeissmvltkmkevaeaylghpvtnavitvpayfndsqrqatkdagviaglnvlriineptaaaiaygldrsgkgernvlifdlgggtfdvsiltiddgifevkatagdthlggedfdnrlvshfveefkrkhkkdisqnkravrrlrtacerakrtlssstqanleidslfegidfytsitrarfeelcadlfrgtlepvekslrdakmdkakihdivlvggstripkvqkllqdffngrdlnksinpdeavaygaavqaailmgdksenvqdlllldvaplslgletaggvmtalikrnstiptkqtqtfttysdnqpgvliqvyegeramtrdnnllgrfelsgippaprgvpqievtfdidangilnvtatdkstgkankititndkgrlskeeiermvqeaerykaedevqrervaaknalesyafnmksavedeglkgkiseadrkkvldgcqeviswldantladkeefvhkrqelervcgpivsglyqgagapgaggfgaqapkggsgsgptieevd|makstaigidlgttyscvgvfqhgkveiiandqgnrttpsyvaftdterligdaaknqvalnpqntvfdakrligrkfgdavvqadmkhwpfqvvndgdkpkvqvsykgetrafypeeissmvltkmkevaeaylghpvtnavitvpayfndsqrqatkdagviaglnvlriineptaaaiaygldrsgkgernvlifdlgggtfdvsiltiddgifevkatagdthlggedfdnrlvshfveefkrkhkkdisqnkravrrlrtacerakrtlssstqasleidslfegidfytsitrarfeelcsdlfrgtlepvekalrdakldkaqihdlvlvggstripkvqkllqdffngrdlnksinpdeavaygaavqaailmgdksenvqdlllldvaplslgletaggvmtalikrnstiptkqtqtfttysdnqpgvliqvyageramtrdnnllgrfelsgippaprgvpqievtfdidangilnvtatdkstgkankititndkgrlrkeeiermvqeaerykaedevqrervaaknalesyafnmksavedeglkgkiseadrkkvldgcqeviswldantladkeefvhkrqelervcgpivsglyqgagapgaggfgaqapkggsgsgptieevd|maankgmaigidlgttyscvgvfqhgkveiiandqgnrttpsyvaftdterligdaaknqvamnpqntvfdakrligrkfndpvvqsdmklwpfqvineagkpkvlvsykgekkafypeeissmvltkmketaeaflghnvtnavitvpayfndsqrqatkdagviaglnvlriineptaaaiaygldkgshgerhvlifdlgggtfdvsiltiddgifevkatagdthlggedfdnrlvshfveefkrkhkkdisqnkravrrlrtacerakrtlssstqasleidslfegidfytsitrarfeelcadlfrgtlepvekslrdakmdkakihdivlvggstripkvqkllqdyfngrdlnksinpdeavaygaavqaailmgdksekvqdlllldvaplslgletaggvmtvlikrnstiptkqtqifttysdnqpgvliqvyegeramtrdnnllgrfdltgippaprgvpqievtfdidangilnvtamdkstgkankititndkgrlskeeiermvqeaekykaedegqrekiaaknalesyafnmksavsdeglkdkisesdkkkildkcnevlswleanqlaekdefdhkrkelenmcnpvitklyqggctgptcapgytpsraatgptieevd|mkfpmvaaallllcavraeeedkkedvgtvvgidlgttyscvgvfkngrveiiandqgnritpsyvaftpegerligdaaknqltsnpentvfdakrligrtwndpsvqqdikflpfkvvekktkpyiqvdigggqtktfapeeisamvltkmketaeaylgkkvthavvtvpayfndaqrqatkdagtiaglnvmriineptaaaiaygldkregeknilvfdlgggtfdvslltidngvfevvatngdthlggedfdqrvmehfiklykkktgkdvrkdnravqklrrevekakralssqhqarieiesffegedfsetltrakfeelnmdlfrstmkpvqkvledsdlkksdideivlvggstripkiqqlvkeffngkepsrginpdeavaygaavqagvlsgdqdtgdlvlldvcpltlgietvggvmtkliprntvvptkksqifstasdnqptvtikvyegerpltkdnhllgtfdltgippaprgvpqievtfeidvngilrvtaedkgtgnknkititndqnrltpeeiermvndaekfaeedkklkeridtrnelesyayslknqigdkeklggklssedketmekaveekiewleshqdadiedfkakkkeleeivqpiisklygsagppptgeedtsekdel|mskgsavgidlgttyscvgvfqhgkveiiandqgnrttpsyvaftdterligdaaknqvamnptntvfdakrligrrfddavvqsdmkhwpfmvvndagrpkvqveykgeaksfypeemkeiaeaylgktvtnavvtvpayfndsqrqatkdagtiaglnvlriineptaaaiaygldkkvgaernvlifdlgggtfdvsiftiedgif|mskgpavgidlgttyscvgvfqhgkveiiandqgnrttpsyvaftdterligdaaknqvamnptntvfgk	msargpaigidlgttyscvgvfqhgkVEIIANDQgnRttpsyvaftdterligdaaknqvamnptntifdakrligrkfedatvqsdmkhwpfrvvseggkpkvqveykgemktffpeeissmvltkmkeiaeaylggkvqsavitvpayfndsqrqatkdagtitglnvlriineptaaaiaygldkkgcaggeknvlifdlgggtfdvsiltiedgifevkstagdthlggedfdnrmvshlaeefkrkhkkdigpnkravrrlrtacerakrtlssstqasieidslyegvdfytsitrarfeelnadlfrgtlepvekalrdakldkgqiqeivlvggstripkiqkllqdffngkelnksinpdeavaygaavqaailigdksenvqdlllldvtplslgietaggvmtplikrnttiptkqtqtfttysdnqssvlvqvyegeramtkdnnllgkfdltgippaprgvpqievtfdidangilnvtaadkstgkenkititndkgrlskddidrmvqeaeryksedeanrdrvaaknavesytynikqtvedeklrgkiseqdknkildkcqevinwldrnqmaekdeyehkqkelervcnpiisklyqggpggggggsggptieevd|makstaigidlgttyscvgvfqhgkVEIIANDQgnRttpsyvaftdterligdaaknqvalnpqntvfdakrligrkfgdavvqadmkhwpfqvvndgdkpkvqvsykgetrafypeeissmvltkmkevaeaylghpvtnavitvpayfndsqrqatkdagviaglnvlriineptaaaiaygldrsgkgernvlifdlgggtfdvsiltiddgifevkatagdthlggedfdnrlvshfveefkrkhkkdisqnkravrrlrtacerakrtlssstqanleidslfegidfytsitrarfeelcadlfrgtlepvekslrdakmdkakihdivlvggstripkvqkllqdffngrdlnksinpdeavaygaavqaailmgdksenvqdlllldvaplslgletaggvmtalikrnstiptkqtqtfttysdnqpgvliqvyegeramtrdnnllgrfelsgippaprgvpqievtfdidangilnvtatdkstgkankititndkgrlskeeiermvqeaerykaedevqrervaaknalesyafnmksavedeglkgkiseadrkkvldgcqeviswldantladkeefvhkrqelervcgpivsglyqgagapgaggfgaqapkggsgsgptieevd|makstaigidlgttyscvgvfqhgkVEIIANDQgnRttpsyvaftdterligdaaknqvalnpqntvfdakrligrkfgdavvqadmkhwpfqvvndgdkpkvqvsykgetrafypeeissmvltkmkevaeaylghpvtnavitvpayfndsqrqatkdagviaglnvlriineptaaaiaygldrsgkgernvlifdlgggtfdvsiltiddgifevkatagdthlggedfdnrlvshfveefkrkhkkdisqnkravrrlrtacerakrtlssstqasleidslfegidfytsitrarfeelcsdlfrgtlepvekalrdakldkaqihdlvlvggstripkvqkllqdffngrdlnksinpdeavaygaavqaailmgdksenvqdlllldvaplslgletaggvmtalikrnstiptkqtqtfttysdnqpgvliqvyageramtrdnnllgrfelsgippaprgvpqievtfdidangilnvtatdkstgkankititndkgrlrkeeiermvqeaerykaedevqrervaaknalesyafnmksavedeglkgkiseadrkkvldgcqeviswldantladkeefvhkrqelervcgpivsglyqgagapgaggfgaqapkggsgsgptieevd|maankgmaigidlgttyscvgvfqhgkVEIIANDQgnRttpsyvaftdterligdaaknqvamnpqntvfdakrligrkfndpvvqsdmklwpfqvineagkpkvlvsykgekkafypeeissmvltkmketaeaflghnvtnavitvpayfndsqrqatkdagviaglnvlriineptaaaiaygldkgshgerhvlifdlgggtfdvsiltiddgifevkatagdthlggedfdnrlvshfveefkrkhkkdisqnkravrrlrtacerakrtlssstqasleidslfegidfytsitrarfeelcadlfrgtlepvekslrdakmdkakihdivlvggstripkvqkllqdyfngrdlnksinpdeavaygaavqaailmgdksekvqdlllldvaplslgletaggvmtvlikrnstiptkqtqifttysdnqpgvliqvyegeramtrdnnllgrfdltgippaprgvpqievtfdidangilnvtamdkstgkankititndkgrlskeeiermvqeaekykaedegqrekiaaknalesyafnmksavsdeglkdkisesdkkkildkcnevlswleanqlaekdefdhkrkelenmcnpvitklyqggctgptcapgytpsraatgptieevd|mkfpmvaaallllcavraeeedkkedvgtvvgidlgttyscvgvfkngrVEIIANDQgnRitpsyvaftpegerligdaaknqltsnpentvfdakrligrtwndpsvqqdikflpfkvvekktkpyiqvdigggqtktfapeeisamvltkmketaeaylgkkvthavvtvpayfndaqrqatkdagtiaglnvmriineptaaaiaygldkregeknilvfdlgggtfdvslltidngvfevvatngdthlggedfdqrvmehfiklykkktgkdvrkdnravqklrrevekakralssqhqarieiesffegedfsetltrakfeelnmdlfrstmkpvqkvledsdlkksdideivlvggstripkiqqlvkeffngkepsrginpdeavaygaavqagvlsgdqdtgdlvlldvcpltlgietvggvmtkliprntvvptkksqifstasdnqptvtikvyegerpltkdnhllgtfdltgippaprgvpqievtfeidvngilrvtaedkgtgnknkititndqnrltpeeiermvndaekfaeedkklkeridtrnelesyayslknqigdkeklggklssedketmekaveekiewleshqdadiedfkakkkeleeivqpiisklygsagppptgeedtsekdel|mskgsavgidlgttyscvgvfqhgkVEIIANDQgnRttpsyvaftdterligdaaknqvamnptntvfdakrligrrfddavvqsdmkhwpfmvvndagrpkvqveykgeaksfypeemkeiaeaylgktvtnavvtvpayfndsqrqatkdagtiaglnvlriineptaaaiaygldkkvgaernvlifdlgggtfdvsiftiedgif|mskgpavgidlgttyscvgvfqhgkVEIIANDQgnRttpsyvaftdterligdaaknqvamnptntvfgk		488466.19531250006			1	T	15	1	0.04	11.136265898100843	0.007326007326007326
G3HL18|G3HUC0	I79_011403|I79_014528	Cricetulus griseus	trypsin|trypsin (Fragment)	26715.1572407586|23153.24087582552	2		TLDNDIMLIK	1	0	0.03968|0	maspsstlinclfsfpisiqvafpidddkivggytcqknsvpyqvslnsgyhfcggslinnqwvvsaahcyktriqvrlgehninvlegdeqfvtaskiirhpsfnsrTLDNDIMLIKlaspvtlnsrvatvalptscaaagtqclisgwgntlssgvnnpdllqclnapvlsqsacqaaypgqitanmicvgfleggkdscqgdsggpvvcngklqgivswgygcalknnpgvytkvcnyvswiqstiaan|kivggytcqensvpyqvslnsgyhfcggslindqwvvsaahcyktriqvrvgehninvlegneqfvtaekiirhpgfssrtldndimliklaspvaqvatvalpvscapagtqclisgwgntlsfgdllqcldapllpqadceasypgritskmvcagfleggkdscqgdsggpvvcngqlqgivswgygcalkdspgvytrvcnyvdwientidan	maspsstlinclfsfpisiqvafpidddkivggytcqknsvpyqvslnsgyhfcggslinnqwvvsaahcyktriqvrlgehninvlegdeqfvtaskiirhpsfnsrTLDNDIMLIKlaspvtlnsrvatvalptscaaagtqclisgwgntlssgvnnpdllqclnapvlsqsacqaaypgqitanmicvgfleggkdscqgdsggpvvcngklqgivswgygcalknnpgvytkvcnyvswiqstiaan|kivggytcqensvpyqvslnsgyhfcggslindqwvvsaahcyktriqvrvgehninvlegneqfvtaekiirhpgfssrtldndimliklaspvaqvatvalpvscapagtqclisgwgntlsfgdllqcldapllpqadceasypgritskmvcagfleggkdscqgdsggpvvcngqlqgivswgygcalkdspgvytrvcnyvdwientidan	maspsstlinclfsfpisiqvafpidddkivggytcqknsvpyqvslnsgyhfcggslinnqwvvsaahcyktriqvrlgehninvlegdeqfvtaskiirhpsfnsrTLDNDIMLIKlaspvtlnsrvatvalptscaaagtqclisgwgntlssgvnnpdllqclnapvlsqsacqaaypgqitanmicvgfleggkdscqgdsggpvvcngklqgivswgygcalknnpgvytkvcnyvswiqstiaan|kivggytcqensvpyqvslnsgyhfcggslindqwvvsaahcyktriqvrvgehninvlegneqfvtaekiirhpgfssrTLDNDIMLIKlaspvaqvatvalpvscapagtqclisgwgntlsfgdllqcldapllpqadceasypgritskmvcagfleggkdscqgdsggpvvcngqlqgivswgygcalkdspgvytrvcnyvdwientidan		1733676.2561975508	2589155.6082269913	1732147.6541708095	3	T	16	1	0.04	11.091357519840264	0.007326007326007326
G3IE25	I79_021967	Cricetulus griseus	Clathrin light chain	16282.003794300688	1	LEALDANSR		1	1	0.06429	mngeyyqesngptdsyaaisevdrlqsepesirkwreeqterLEALDANSRkqeaewkekaikeleewyarqdeqlqktkannraaeeafvndidesspgtewervarlcdfnpksskqakdvsrmrsvlislkqaplvh	mngeyyqesngptdsyaaisevdrlqsepesirkwreeqterLEALDANSRkqeaewkekaikeleewyarqdeqlqktkannraaeeafvndidesspgtewervarlcdfnpksskqakdvsrmrsvlislkqaplvh	mngeyyqesngptdsyaaisevdrlqsepesirkwreeqterLEALDANSRkqeaewkekaikeleewyarqdeqlqktkannraaeeafvndidesspgtewervarlcdfnpksskqakdvsrmrsvlislkqaplvh				734523.26171875	1	T	17	1	0.04	10.211674842054059	0.007326007326007326
G3HIQ3	I79_010528	Cricetulus griseus	Activated RNA polymerase II transcriptional coactivator p15	7029.5765747491305	1	KGISLNMEQWSQLKEQISDIDDAVR		1	1	0.42373	mryvsvrdfkgkilidireywmdsegemkpgrKGISLNMEQWSQLKEQISDIDDAVRkl	mryvsvrdfkgkilidireywmdsegemkpgrKGISLNMEQWSQLKEQISDIDDAVRkl	mryvsvrdfkgkilidireywmdsegemkpgrKgislnmeqwsqlkeqIsdIDDAVRkl			186101.59598817702		1	T	18	1	0.04	10.203825527244152	0.007326007326007326
G3HQR7	LOC103161510	Cricetulus griseus	60S ribosomal protein L18a	20335.628066568042	1	IFAPNHVVAK		1	1	0.05682	mkasgtlgeykvvgrclpipkchtpplyrmrIFAPNHVVAKsrfwyfvsqlkkmkkssreivycgqvfeksplrvknfgirlrcdsrsgthnmyresrdlttagavtqcygdmgawhrarahsihimkvgeiaaskcqrpavkqfhdskikfplphrvlrgqhkprfttkrpntff	mkasgtlgeykvvgrclpipkchtpplyrmrIFAPNHVVAKsrfwyfvsqlkkmkkssreivycgqvfeksplrvknfgirlrcdsrsgthnmyresrdlttagavtqcygdmgawhrarahsihimkvgeiaaskcqrpavkqfhdskikfplphrvlrgqhkprfttkrpntff	mkasgtlgeykvvgrclpipkchtpplyrmrIFAPNHVVAKsrfwyfvsqlkkmkkssreivycgqvfeksplrvknfgirlrcdsrsgthnmyresrdlttagavtqcygdmgawhrarahsihimkvgeiaaskcqrpavkqfhdskikfplphrvlrgqhkprfttkrpntff			440289.8385416673		1	T	19	1	0.04	10.137942908284462	0.007326007326007326
G3IDM2	Cfl1	Cricetulus griseus	Cofilin 1, non-muscle	18520.668336810922	1	YALYDATYETK		1	1	0.06627	masgvavsdgvikvfndmkvrksstpeevkkrkkavlfclsedkkniileegkeilvgdvgqtvddpyttfvkmlpdkdcrYALYDATYETKeskkedlvfifwapesaplkskmiyasskdaikkkltgikhelqancyeevkdrctlaeklggsavislegkpl	masgvavsdgvikvfndmkvrksstpeevkkrkkavlfclsedkkniileegkeilvgdvgqtvddpyttfvkmlpdkdcrYALYDATYETKeskkedlvfifwapesaplkskmiyasskdaikkkltgikhelqancyeevkdrctlaeklggsavislegkpl	masgvavsdgvikvfndmkvrksstpeevkkrkkavlfclsedkkniileegkeilvgdvgqtvddpyttfvkmlpdkdcryaLYDatYETKeskkedlvfifwapesaplkskmiyasskdaikkkltgikhelqancyeevkdrctlaeklggsavislegkpl			809259.6718750002		1	T	20	1	0.04	10.101987488366175	0.007326007326007326
G3H850	I79_006548	Cricetulus griseus	ATP-binding cassette sub-family A member 5	236493.18943927746	1	VPEQLYETEGKIDPTGPFIITEEYANEKEMLASSLSK		1	1	0.01757	msvqalrVPEQLYETEGKIDPTGPFIITEEYANEKEMLASSLSKssnfvgvvfkdimsyelrffpdmipvssiymdsragcskscdaaqywssgftvlqasidaaiiqvmhledfndgalfsnltegpypliitiimlaldsvfyvllavyldqvipgefglrrsslyflkpsywsktkrnykelsegningnislseiiepvspefigkeairisgiqkayrkgnenvealrslfsaldihsnlgvisygvsmttledvflkleveaeidqadsdisdlinffthqnimvtmfndsdyvsaaphsaalnvvhsekdyvftavfnstmvyslpvmmniisnyylyhlnvteaiqiwstpfiqeitdivfkvelyfqaallgiivtamppyfamenaenhkikaytqlklsgllpsaywvgqtvvdfplffvvltlmlgslfafhhglyfypvkflavvfclvgyvpsvilftyvasftfkkilntrefwsfiysvtalaciavteitfflgysvstvfhytfciaipiyplmgclisfikgswknipknedtynpwdkllvavimpylqcvlwifliqhyekkhggrslrkdpffrtlsqkakskkfpeppvnedededvkaerlkvkelmscqcceekpaimvcnlhkeyddkkdflhsrktkkvatkyisfcvrkgeilgllgpngagkstiinilvgdieptsgqvtlldepstgmdprakqhmwrairtafknkkraalltthymeeaeavcdrvaimvsgqlrlswgliyvgfifiisifiaiiitsakiivmtgflviftlfflyglslkkadsqlwisglypsaywcgqavvdinlfnvillssyftlhvtklmhiyltsevvlsivmavmfkillteffsetlliimmvlvpsfsliafliflemvelkgsssavgyqgdgtikfgycpqenmlwpiltvkehlqvyasvkglrkkdatiaisrlvnafklhdqlnvlvqklaagatrklcfvlsilgdssilildepstgldvseqqqvwqaiqaavkdndrgvlltthdlaeaealcdrvaimvsgrlrcigsiqhlkrkfgkdyilelkvnetsqvplvhrdivklfpqaarqeryfslltyqlpitdvyplsqafhkleaapcetvnntitcrnsvfwekgfvafqaainagiievstklkeekyteiwlswglmyagfilvvatlmslivksaqivvltgfmvvfllfllyglslitlaflmsvllkkpfltglavflltifwgslgftalykhlpafmewtlcflspfaftagmaqlihldydvnsnvnldspnnsyliiatlfmlvldallylvlalyfdrvllskyghrrsplfflkssywfqhrganhvvleneidsdpslndsfepvppefqekeairiknlkkeyagkhgkvealrglgfdiyegqitallghsgagkttlinilcglsppttgsitiynqtlsevddfdavikltgvcpqsniqfgfltvrenlrlfakikgilpheveqevqrvlqdlemeniqdilaqnlsggqkrkltfgiailgdpqvllldeptagldpfsrhciwnllkerkldrvivfstqfmdeadiladlyrdldrcsnqgienygvsmttlnevflklegksmtdesgdrsyssgvgisghlqsegakdmgslveleqvllsldssgntvsgmalwrqqlcavakvrflklknerkslmtiisprscnafpnpedpgeededvqmerirtadsvtalqidekpviiasclrkeytgkkkkcfskakkkiatrnisfcvkkgevlgllghngagksttismitgdtkptagqvflkgcgedaalgflgycpqenvlwpiltvkdhleayaavkglkkkdalvtvtrlvnalklqdqlkapvktlsegikrklcfalsilgnpsvvlldepstgmdpegqqqmwqairasftntergalltthymaeaeavcdrvaimvsgrlrcigsiqhlkskfgkdyllemkvktlaqveplnmeimklfpqaarqerysslmvyklpvedvwplsqaffklerlkenfdleeyslsqstleqvflelskeqelddfdeeldssvkwkllpqeel	msvqalrVPEQLYETEGKIDPTGPFIITEEYANEKEMLASSLSKssnfvgvvfkdimsyelrffpdmipvssiymdsragcskscdaaqywssgftvlqasidaaiiqvmhledfndgalfsnltegpypliitiimlaldsvfyvllavyldqvipgefglrrsslyflkpsywsktkrnykelsegningnislseiiepvspefigkeairisgiqkayrkgnenvealrslfsaldihsnlgvisygvsmttledvflkleveaeidqadsdisdlinffthqnimvtmfndsdyvsaaphsaalnvvhsekdyvftavfnstmvyslpvmmniisnyylyhlnvteaiqiwstpfiqeitdivfkvelyfqaallgiivtamppyfamenaenhkikaytqlklsgllpsaywvgqtvvdfplffvvltlmlgslfafhhglyfypvkflavvfclvgyvpsvilftyvasftfkkilntrefwsfiysvtalaciavteitfflgysvstvfhytfciaipiyplmgclisfikgswknipknedtynpwdkllvavimpylqcvlwifliqhyekkhggrslrkdpffrtlsqkakskkfpeppvnedededvkaerlkvkelmscqcceekpaimvcnlhkeyddkkdflhsrktkkvatkyisfcvrkgeilgllgpngagkstiinilvgdieptsgqvtlldepstgmdprakqhmwrairtafknkkraalltthymeeaeavcdrvaimvsgqlrlswgliyvgfifiisifiaiiitsakiivmtgflviftlfflyglslkkadsqlwisglypsaywcgqavvdinlfnvillssyftlhvtklmhiyltsevvlsivmavmfkillteffsetlliimmvlvpsfsliafliflemvelkgsssavgyqgdgtikfgycpqenmlwpiltvkehlqvyasvkglrkkdatiaisrlvnafklhdqlnvlvqklaagatrklcfvlsilgdssilildepstgldvseqqqvwqaiqaavkdndrgvlltthdlaeaealcdrvaimvsgrlrcigsiqhlkrkfgkdyilelkvnetsqvplvhrdivklfpqaarqeryfslltyqlpitdvyplsqafhkleaapcetvnntitcrnsvfwekgfvafqaainagiievstklkeekyteiwlswglmyagfilvvatlmslivksaqivvltgfmvvfllfllyglslitlaflmsvllkkpfltglavflltifwgslgftalykhlpafmewtlcflspfaftagmaqlihldydvnsnvnldspnnsyliiatlfmlvldallylvlalyfdrvllskyghrrsplfflkssywfqhrganhvvleneidsdpslndsfepvppefqekeairiknlkkeyagkhgkvealrglgfdiyegqitallghsgagkttlinilcglsppttgsitiynqtlsevddfdavikltgvcpqsniqfgfltvrenlrlfakikgilpheveqevqrvlqdlemeniqdilaqnlsggqkrkltfgiailgdpqvllldeptagldpfsrhciwnllkerkldrvivfstqfmdeadiladlyrdldrcsnqgienygvsmttlnevflklegksmtdesgdrsyssgvgisghlqsegakdmgslveleqvllsldssgntvsgmalwrqqlcavakvrflklknerkslmtiisprscnafpnpedpgeededvqmerirtadsvtalqidekpviiasclrkeytgkkkkcfskakkkiatrnisfcvkkgevlgllghngagksttismitgdtkptagqvflkgcgedaalgflgycpqenvlwpiltvkdhleayaavkglkkkdalvtvtrlvnalklqdqlkapvktlsegikrklcfalsilgnpsvvlldepstgmdpegqqqmwqairasftntergalltthymaeaeavcdrvaimvsgrlrcigsiqhlkskfgkdyllemkvktlaqveplnmeimklfpqaarqerysslmvyklpvedvwplsqaffklerlkenfdleeyslsqstleqvflelskeqelddfdeeldssvkwkllpqeel	msvqalrvpEQLyetegkiDptgpfiiteeyanekemlassLSKssnfvgvvfkdimsyelrffpdmipvssiymdsragcskscdaaqywssgftvlqasidaaiiqvmhledfndgalfsnltegpypliitiimlaldsvfyvllavyldqvipgefglrrsslyflkpsywsktkrnykelsegningnislseiiepvspefigkeairisgiqkayrkgnenvealrslfsaldihsnlgvisygvsmttledvflkleveaeidqadsdisdlinffthqnimvtmfndsdyvsaaphsaalnvvhsekdyvftavfnstmvyslpvmmniisnyylyhlnvteaiqiwstpfiqeitdivfkvelyfqaallgiivtamppyfamenaenhkikaytqlklsgllpsaywvgqtvvdfplffvvltlmlgslfafhhglyfypvkflavvfclvgyvpsvilftyvasftfkkilntrefwsfiysvtalaciavteitfflgysvstvfhytfciaipiyplmgclisfikgswknipknedtynpwdkllvavimpylqcvlwifliqhyekkhggrslrkdpffrtlsqkakskkfpeppvnedededvkaerlkvkelmscqcceekpaimvcnlhkeyddkkdflhsrktkkvatkyisfcvrkgeilgllgpngagkstiinilvgdieptsgqvtlldepstgmdprakqhmwrairtafknkkraalltthymeeaeavcdrvaimvsgqlrlswgliyvgfifiisifiaiiitsakiivmtgflviftlfflyglslkkadsqlwisglypsaywcgqavvdinlfnvillssyftlhvtklmhiyltsevvlsivmavmfkillteffsetlliimmvlvpsfsliafliflemvelkgsssavgyqgdgtikfgycpqenmlwpiltvkehlqvyasvkglrkkdatiaisrlvnafklhdqlnvlvqklaagatrklcfvlsilgdssilildepstgldvseqqqvwqaiqaavkdndrgvlltthdlaeaealcdrvaimvsgrlrcigsiqhlkrkfgkdyilelkvnetsqvplvhrdivklfpqaarqeryfslltyqlpitdvyplsqafhkleaapcetvnntitcrnsvfwekgfvafqaainagiievstklkeekyteiwlswglmyagfilvvatlmslivksaqivvltgfmvvfllfllyglslitlaflmsvllkkpfltglavflltifwgslgftalykhlpafmewtlcflspfaftagmaqlihldydvnsnvnldspnnsyliiatlfmlvldallylvlalyfdrvllskyghrrsplfflkssywfqhrganhvvleneidsdpslndsfepvppefqekeairiknlkkeyagkhgkvealrglgfdiyegqitallghsgagkttlinilcglsppttgsitiynqtlsevddfdavikltgvcpqsniqfgfltvrenlrlfakikgilpheveqevqrvlqdlemeniqdilaqnlsggqkrkltfgiailgdpqvllldeptagldpfsrhciwnllkerkldrvivfstqfmdeadiladlyrdldrcsnqgienygvsmttlnevflklegksmtdesgdrsyssgvgisghlqsegakdmgslveleqvllsldssgntvsgmalwrqqlcavakvrflklknerkslmtiisprscnafpnpedpgeededvqmerirtadsvtalqidekpviiasclrkeytgkkkkcfskakkkiatrnisfcvkkgevlgllghngagksttismitgdtkptagqvflkgcgedaalgflgycpqenvlwpiltvkdhleayaavkglkkkdalvtvtrlvnalklqdqlkapvktlsegikrklcfalsilgnpsvvlldepstgmdpegqqqmwqairasftntergalltthymaeaeavcdrvaimvsgrlrcigsiqhlkskfgkdyllemkvktlaqveplnmeimklfpqaarqerysslmvyklpvedvwplsqaffklerlkenfdleeyslsqstleqvflelskeqelddfdeeldssvkwkllpqeel				307820.7543337186	2	T	21	1	0.04	10.078720228722162	0.007326007326007326
G3HGY8|G3HH39|G3HWX4|G3IHP6	Eef1a2|I79_009935|I79_015487|I79_023350	Cricetulus griseus	Elongation factor 1-alpha|Elongation factor 1-alpha 1	50480.35413332468|55070.85362516455|49136.15207165816|27916.631910679862	4		IGGIGTVPVGR	1	0	0.02376|0|0|0	mvkekthinivvighvdsgkstttghliykcggidkrtiekfekeaaemgkgsfkyawvldklkaerergitidislwkfettkyyitiidapghrdfiknmitgtsqadcavlivaagvgefeagiskngqtrehallaytlgvkqlivgvnkmdstepaysekrydeivkevsayikkigynpatvpfvpisgwhgdnmlepspnmpwfkgwkverkegnasgvsllealdtilpptrptdkplrlplqdvykIGGIGTVPVGRvetgilrpgmvvtfapvnittevksvemhhealsealpgdnvgfnvknvsvkdirrgnvcgdsksdppqeaaqftsqviilnhpgqisagyspvidchtahiackfaelkekidrrsgkklednpkslksgdaaivemvpgkpmcvesfsqypplgrfavrdmrqtvavgviknvekksggagkvtksaqkaqkagk|mgkekthinivvighvdsgkstttghliykcggidkrtiekfekeaaeasirrekmgkgsfkyawvldklkaerergitidislwkfetskyyvtiidapghrdfiknmitgtsqlivgvnkmdsteppysqkryeeivkevstyikkigynpdtvafvpisgwngdnmlepsanmpwfkgwkvtrkdgsasgttllealdcilpptrptdkplrlplqdvykiggigtvpvgrvetgvlkpgmvvtfapvnvttevksvemhhealsealpgdnvgfnvknvsvkdvrrgnvagdskndppmeaagftaqviilnhpgqisagyapvldchtahiackfaelkekidrrsgkkledgpkflksgdaaivdmvpgkpmcvesfsdypplgrfavrdmrqtvavgvikavdkkaagagkvtksaqkaqkakgvppltpatpvlisggrtvselfvsighlslivkdwlmitmhrktfrrkgecfvdhfcvcgsfkllvfkissf|mgkekthiiiiiighvdsgkstttghliykcggidkrtvekfdkeatqmgkgsfkyawvldklkaerecgitidislwkfetskyyvtiidapghrdfiknmitgtsqadcavlivaagvgefeaviskngqtcehallaytlgvkqlivgvnkmdsteppysqkgyeeivkevstyikkigynpdtvafvpisgwngdnmlepsanmpwfkgwkvtlkdgsasgttllealdcilpptcstdkplqdvykiggigtvpvgrvetgvlktgmvvtfapvsvttevksvemhhealsealpgdnvgfnvknvsvkdvrcgnvagdskndppveaagftaqviilnhpgqisagyapvldchtahiacrfaelkektdcpsgkkledgpkflksgdaaiidmvpgqpmcvesfsdypprghfavpdmrqtvavgvikavdkkaagagkvtksaqkaqkak|mlepsanmpwfkgwkvtrkdgsasgttllealdcilpptrptdkplrlplqdvykiggigtvpvgrvetgvlkpgmvvtfapvnvttevksvemhhealsealpgdnvgsnvknvsvkdvrrgnvagdskndppmeaagfiaqviilshpgqisagyapvldchtahiackfaelkekidrrsgkkledgpkflksgdaaivdmvpgkpmcvesfsdypplgrfavrdmrqtvdvgvikavdkkaagagkvtksaqkaqkak	mvkekthinivvighvdsgkstttghliykcggidkrtiekfekeaaemgkgsfkyawvldklkaerergitidislwkfettkyyitiidapghrdfiknmitgtsqadcavlivaagvgefeagiskngqtrehallaytlgvkqlivgvnkmdstepaysekrydeivkevsayikkigynpatvpfvpisgwhgdnmlepspnmpwfkgwkverkegnasgvsllealdtilpptrptdkplrlplqdvykIGGIGTVPVGRvetgilrpgmvvtfapvnittevksvemhhealsealpgdnvgfnvknvsvkdirrgnvcgdsksdppqeaaqftsqviilnhpgqisagyspvidchtahiackfaelkekidrrsgkklednpkslksgdaaivemvpgkpmcvesfsqypplgrfavrdmrqtvavgviknvekksggagkvtksaqkaqkagk|mgkekthinivvighvdsgkstttghliykcggidkrtiekfekeaaeasirrekmgkgsfkyawvldklkaerergitidislwkfetskyyvtiidapghrdfiknmitgtsqlivgvnkmdsteppysqkryeeivkevstyikkigynpdtvafvpisgwngdnmlepsanmpwfkgwkvtrkdgsasgttllealdcilpptrptdkplrlplqdvykiggigtvpvgrvetgvlkpgmvvtfapvnvttevksvemhhealsealpgdnvgfnvknvsvkdvrrgnvagdskndppmeaagftaqviilnhpgqisagyapvldchtahiackfaelkekidrrsgkkledgpkflksgdaaivdmvpgkpmcvesfsdypplgrfavrdmrqtvavgvikavdkkaagagkvtksaqkaqkakgvppltpatpvlisggrtvselfvsighlslivkdwlmitmhrktfrrkgecfvdhfcvcgsfkllvfkissf|mgkekthiiiiiighvdsgkstttghliykcggidkrtvekfdkeatqmgkgsfkyawvldklkaerecgitidislwkfetskyyvtiidapghrdfiknmitgtsqadcavlivaagvgefeaviskngqtcehallaytlgvkqlivgvnkmdsteppysqkgyeeivkevstyikkigynpdtvafvpisgwngdnmlepsanmpwfkgwkvtlkdgsasgttllealdcilpptcstdkplqdvykiggigtvpvgrvetgvlktgmvvtfapvsvttevksvemhhealsealpgdnvgfnvknvsvkdvrcgnvagdskndppveaagftaqviilnhpgqisagyapvldchtahiacrfaelkektdcpsgkkledgpkflksgdaaiidmvpgqpmcvesfsdypprghfavpdmrqtvavgvikavdkkaagagkvtksaqkaqkak|mlepsanmpwfkgwkvtrkdgsasgttllealdcilpptrptdkplrlplqdvykiggigtvpvgrvetgvlkpgmvvtfapvnvttevksvemhhealsealpgdnvgsnvknvsvkdvrrgnvagdskndppmeaagfiaqviilshpgqisagyapvldchtahiackfaelkekidrrsgkkledgpkflksgdaaivdmvpgkpmcvesfsdypplgrfavrdmrqtvdvgvikavdkkaagagkvtksaqkaqkak	mvkekthinivvighvdsgkstttghliykcggidkrtiekfekeaaemgkgsfkyawvldklkaerergitidislwkfettkyyitiidapghrdfiknmitgtsqadcavlivaagvgefeagiskngqtrehallaytlgvkqlivgvnkmdstepaysekrydeivkevsayikkigynpatvpfvpisgwhgdnmlepspnmpwfkgwkverkegnasgvsllealdtilpptrptdkplrlplqdvykIGGIGTVpvGRvetgilrpgmvvtfapvnittevksvemhhealsealpgdnvgfnvknvsvkdirrgnvcgdsksdppqeaaqftsqviilnhpgqisagyspvidchtahiackfaelkekidrrsgkklednpkslksgdaaivemvpgkpmcvesfsqypplgrfavrdmrqtvavgviknvekksggagkvtksaqkaqkagk|mgkekthinivvighvdsgkstttghliykcggidkrtiekfekeaaeasirrekmgkgsfkyawvldklkaerergitidislwkfetskyyvtiidapghrdfiknmitgtsqlivgvnkmdsteppysqkryeeivkevstyikkigynpdtvafvpisgwngdnmlepsanmpwfkgwkvtrkdgsasgttllealdcilpptrptdkplrlplqdvykIGGIGTVpvGRvetgvlkpgmvvtfapvnvttevksvemhhealsealpgdnvgfnvknvsvkdvrrgnvagdskndppmeaagftaqviilnhpgqisagyapvldchtahiackfaelkekidrrsgkkledgpkflksgdaaivdmvpgkpmcvesfsdypplgrfavrdmrqtvavgvikavdkkaagagkvtksaqkaqkakgvppltpatpvlisggrtvselfvsighlslivkdwlmitmhrktfrrkgecfvdhfcvcgsfkllvfkissf|mgkekthiiiiiighvdsgkstttghliykcggidkrtvekfdkeatqmgkgsfkyawvldklkaerecgitidislwkfetskyyvtiidapghrdfiknmitgtsqadcavlivaagvgefeaviskngqtcehallaytlgvkqlivgvnkmdsteppysqkgyeeivkevstyikkigynpdtvafvpisgwngdnmlepsanmpwfkgwkvtlkdgsasgttllealdcilpptcstdkplqdvykIGGIGTVpvGRvetgvlktgmvvtfapvsvttevksvemhhealsealpgdnvgfnvknvsvkdvrcgnvagdskndppveaagftaqviilnhpgqisagyapvldchtahiacrfaelkektdcpsgkkledgpkflksgdaaiidmvpgqpmcvesfsdypprghfavpdmrqtvavgvikavdkkaagagkvtksaqkaqkak|mlepsanmpwfkgwkvtrkdgsasgttllealdcilpptrptdkplrlplqdvykIGGIGTVpvGRvetgvlkpgmvvtfapvnvttevksvemhhealsealpgdnvgsnvknvsvkdvrrgnvagdskndppmeaagfiaqviilshpgqisagyapvldchtahiackfaelkekidrrsgkkledgpkflksgdaaivdmvpgkpmcvesfsdypplgrfavrdmrqtvdvgvikavdkkaagagkvtksaqkaqkak		784325.8359375007			1	T	22	1	0.04	10.078083008904589	0.007326007326007326
G3I3W6	Rpl27a	Cricetulus griseus	Large ribosomal subunit protein uL15	16566.995324657844	1	TGAAPIIDVVR		1	1	0.07432	mpsrlrktrklrghvshghgrigkhrkhpggrgnaggmhhhrinfdkyhpgyfgkvgmrhyhlkrnqsfcptvnldklwtlvseqtrvnaaknkTGAAPIIDVVRsgyykvlgkgklpkqpvivkakffsrraeekikgvggacvlva	mpsrlrktrklrghvshghgrigkhrkhpggrgnaggmhhhrinfdkyhpgyfgkvgmrhyhlkrnqsfcptvnldklwtlvseqtrvnaaknkTGAAPIIDVVRsgyykvlgkgklpkqpvivkakffsrraeekikgvggacvlva	mpsrlrktrklrghvshghgrigkhrkhpggrgnaggmhhhrinfdkyhpgyfgkvgmrhyhlkrnqsfcptvnldklwtlvseqtrvnaaknkTGAAPIIDVVRsgyykvlgkgklpkqpvivkakffsrraeekikgvggacvlva		349371.4210533206			1	T	23	1	0.04	10.058892496514643	0.007326007326007326
G3I3U5	I79_018113	Cricetulus griseus	Nidogen-1	30071.283652218208	1	VVYWTDISEPSIGR		1	1	0.05036	mggssytcsclpgfsgdgracqglstvappihqrpvvptaviplppgthllfaqtgkierlplegntmkkteakaflhipakviiglafdcvdkVVYWTDISEPSIGRaslhggepttiirqdlgspegialdhlgrnifwtdsqldrievarmdgtqrrvlfdtglvnprgivtdsvggplkivqakrcmftlyalvlcrnsviamdlaiskemdafhphkqtrlygitialsqcpqghnycsvnnggcthlclptpgsrtcrcpdntlgvdcierk	mggssytcsclpgfsgdgracqglstvappihqrpvvptaviplppgthllfaqtgkierlplegntmkkteakaflhipakviiglafdcvdkVVYWTDISEPSIGRaslhggepttiirqdlgspegialdhlgrnifwtdsqldrievarmdgtqrrvlfdtglvnprgivtdsvggplkivqakrcmftlyalvlcrnsviamdlaiskemdafhphkqtrlygitialsqcpqghnycsvnnggcthlclptpgsrtcrcpdntlgvdcierk	mggssytcsclpgfsgdgracqglstvappihqrpvvptaviplppgthllfaqtgkierlplegntmkkteakaflhipakviiglafdcvdkvvYWtdIsepsiGRaslhggepttiirqdlgspegialdhlgrnifwtdsqldrievarmdgtqrrvlfdtglvnprgivtdsvggplkivqakrcmftlyalvlcrnsviamdlaiskemdafhphkqtrlygitialsqcpqghnycsvnnggcthlclptpgsrtcrcpdntlgvdcierk					1	T	24	1	0.04	10.05742587105862	0.007326007326007326
G3HFG4	I79_009303	Cricetulus griseus	60S ribosomal protein L4	23855.237264874886	1	NIPGITLLNVSK		1	1	0.05882	mskghrieevpelplvvedkvegykktkeavqllkklkawndikkvyasqrmragkgkmrnrsriqhrgpcviynedngiikafrNIPGITLLNVSKlnivklapgghvgrfciwtesafrklhelygtwqksnynllmhkmmntdlsrilkspeiqrvlraprkkihrrvlkknplknlrimlklnpyaktmrrntilrqaqv	mskghrieevpelplvvedkvegykktkeavqllkklkawndikkvyasqrmragkgkmrnrsriqhrgpcviynedngiikafrNIPGITLLNVSKlnivklapgghvgrfciwtesafrklhelygtwqksnynllmhkmmntdlsrilkspeiqrvlraprkkihrrvlkknplknlrimlklnpyaktmrrntilrqaqv	mskghrieevpelplvvedkvegykktkeavqllkklkawndikkvyasqrmragkgkmrnrsriqhrgpcviynedngiikafrNIPgiTLLnvSKlnivklapgghvgrfciwtesafrklhelygtwqksnynllmhkmmntdlsrilkspeiqrvlraprkkihrrvlkknplknlrimlklnpyaktmrrntilrqaqv		759301.5468750008			1	T	25	1	0.04	10.048316715953124	0.007326007326007326
