Sequence	Base Sequence	Protein Groups	Gene Names	Organism	Intensity_control_1_DDA_14	Intensity_control_2_DDA_15	Intensity_control_3_DDA_16	Detection Type_control_1_DDA_14	Detection Type_control_2_DDA_15	Detection Type_control_3_DDA_16
AAIAAAAAAAAAAK	AAIAAAAAAAAAAK	G3I196	I79_017147	Cricetulus griseus	325187.640625	366993.296875	322672.029296875	MSMS	MSMS	MSMS
DNIQGITKPAIR	DNIQGITKPAIR	G3H2T6|G3HDS1|G3HDT9|G3HDU7|G3HPV6|G3HPV7	LOC100774182|I79_008687|I79_008705|I79_008713|I79_012827|I79_012828	Cricetulus griseus	246274.06640625	247076.474609375	233740.6328125	MSMS	MSMS	MSMS
FTISRDNSK	FTISRDNSK	G3ILU4	I79_024866	Cricetulus griseus	63385170.5	59412951	59736518	MSMS	MSMS	MSMS
GRFTISR	GRFTISR	G3ILU4	I79_024866	Cricetulus griseus	398151242	400382576	421225404	MSMS	MSMS	MSMS
GRFTISRDNSK	GRFTISRDNSK	G3ILU4	I79_024866	Cricetulus griseus	19794209.166666668	19215679.333333332	17940897.833333332	MSMS	MSMS	MSMS
HFNTFIHEDIWNIR	HFNTFIHEDIWNIR	G3I1R6	I79_017334	Cricetulus griseus	182547.99633877192	0	0	MSMS	NotDetected	NotDetected
ISGLIYEETR	ISGLIYEETR	G3H2T6|G3HDS1|G3HDT9|G3HDU7|G3HPV6|G3HPV7	LOC100774182|I79_008687|I79_008705|I79_008713|I79_012827|I79_012828	Cricetulus griseus	145029.5923636256	0	165674.953125	MSMS	NotDetected	MSMS
KASGPPVSELITK	KASGPPVSELITK	G3HDU1	LOC100752904	Cricetulus griseus	0	126227.96875	0	NotDetected	MSMS	NotDetected
KPAAAAVTK	KPAAAAVTK	G3HDU1	LOC100752904	Cricetulus griseus	303841.1077835506	686370.6466093219	706719.1641055915	MSMS	MSMS	MSMS
SLC[Common Fixed:Carbamidomethyl on C]IQTQTAPDVLSSERALELAQC[Common Fixed:Carbamidomethyl on C]KTK	SLCIQTQTAPDVLSSERALELAQCKTK	G3GZB5	I79_003176	Cricetulus griseus	0	16240522.208333334	0	NotDetected	MSMS	NotDetected
TC[Common Fixed:Carbamidomethyl on C]AYTNHTVLPEALER	TCAYTNHTVLPEALER	G3H6Z4	I79_006118	Cricetulus griseus	4991612.25	5115810.083333333	4841389.291666667	MSMS	MSMS	MSMS
TLDNDIMLIK	TLDNDIMLIK	G3HL18|G3HUC0	I79_011403|I79_014528	Cricetulus griseus	3558678.40625	3867984.6916181995	3541635.0625	MSMS	MSMS	MSMS
VLYPNDNFFEGK	VLYPNDNFFEGK	G3H6Z4	I79_006118	Cricetulus griseus	7840931.5	7910870.90625	7900452.71875	MSMS	MSMS	MSMS
