Protein Accession	Gene	Organism	Protein Full Name	Protein Unmodified Mass	Number of Proteins in Group	Unique Peptides	Shared Peptides	Number of Peptides	Number of Unique Peptides	Sequence Coverage Fraction	Sequence Coverage	Sequence Coverage with Mods	Fragment Sequence Coverage	Modification Info List	Intensity_control_1_DDA_14	Intensity_control_2_DDA_15	Intensity_control_3_DDA_16	Number of PSMs	Protein Decoy/Contaminant/Target	Protein Cumulative Target	Protein Cumulative Decoy	Protein QValue	Best Peptide Score	Best Peptide Notch QValue
P01857	IGHG1	Homo sapiens	Immunoglobulin heavy constant gamma 1	43884.10476324234	1	DTLMISRTPEVTCVVVDVSHEDPEVK|VVSVLTVLHQDWLNGKEYK|SCDKTHTCPPCPAPELLGGPSVFLFPPKPK|TPEVTCVVVDVSHEDPEVK|TPEVTCVVVDVSHEDPEVKFNWYVDGVEVHNAK|GFYPSDIAVEWESNGQPENNYKTTPPVLDSDGSFFLYSKLTVDK|GFYPSDIAVEWESNGQPENNYKTTPPVLDSDGSFFLYSK|DYFPEPVTVSWNSGALTSGVHTFPAVLQSSGLYSLSSVVTVPSSSLGTQTYICNVNHKPSNTK|NQVSLTCLVKGFYPSDIAVEWESNGQPENNYKTTPPVLDSDGSFFLYSK|NQVSLTCLVKGFYPSDIAVEWESNGQPENNYK|VVSVLTVLHQDWLNGK|GFYPSDIAVEWESNGQPENNYK|GPSVFPLAPSSKSTSGGTAALGCLVK|CKVSNKALPAPIEK|DYFPEPVTVSWNSGALTSGVHTFPAVLQSSGLYSLSSVVTVPSSSLGTQTYICNVNHKPSNTKVDK|TTPPVLDSDGSFFLYSKLTVDKSR|THTCPPCPAPELLGGPSVFLFPPKPK|TTPPVLDSDGSFFLYSKLTVDK|AKGQPREPQVYTLPPSR|VSNKALPAPIEK|TTPPVLDSDGSFFLYSK|VSNKALPAPIEKTISK|ALPAPIEKTISKAK|GQPREPQVYTLPPSR|FNWYVDGVEVHNAK|GPSVFPLAPSSK|STSGGTAALGCLVK|TKPREEQYNSTYR|NQVSLTCLVK|EPQVYTLPPSR|VDKKVEPK|TISKAKGQPR|ALPAPIEKTISK|PKDTLMISR|EEQYNSTYR|ALPAPIEK|LTVDKSR	SRWQQGNVFSCSVMHEALHNHYTQK|WQQGNVFSCSVMHEALHNHYTQK|LTVDKSRWQQGNVFSCSVMHEALHNHYTQK|DTLMISR	41	37	0.78446	astkGPSVFPLAPSSKSTSGGTAALGCLVKDYFPEPVTVSWNSGALTSGVHTFPAVLQSSGLYSLSSVVTVPSSSLGTQTYICNVNHKPSNTKVDKKVEPKSCDKTHTCPPCPAPELLGGPSVFLFPPKPKDTLMISRTPEVTCVVVDVSHEDPEVKFNWYVDGVEVHNAKTKPREEQYNSTYRVVSVLTVLHQDWLNGKEYKCKVSNKALPAPIEKTISKAKGQPREPQVYTLPPSRdeltkNQVSLTCLVKGFYPSDIAVEWESNGQPENNYKTTPPVLDSDGSFFLYSKLTVDKSRWQQGNVFSCSVMHEALHNHYTQKslslspelqleescaeaqdgeldglwttitifitlfllsvcysatvtffkvkwifssvvdlkqtiipdyrnmigqga	astkGPSVFPLAPSSKSTSGGTAALGCLVKDYFPEPVTVSWNSGALTSGVHTFPAVLQSSGLYSLSSVVTVPSSSLGTQTYICNVNHKPSNTKVDKKVEPKSCDKTHTCPPCPAPELLGGPSVFLFPPKPKDTLMISRTPEVTCVVVDVSHEDPEVKFNWYVDGVEVHNAKTKPREEQYNSTYRVVSVLTVLHQDWLNGKEYKCKVSNKALPAPIEKTISKAKGQPREPQVYTLPPSRdeltkNQVSLTCLVKGFYPSDIAVEWESNGQPENNYKTTPPVLDSDGSFFLYSKLTVDKSRWQQGNVFSCSVMHEALHNHYTQKslslspelqleescaeaqdgeldglwttitifitlfllsvcysatvtffkvkwifssvvdlkqtiipdyrnmigqga	astkgpSVFPLAPSSKSTSGGTAALGCLVKdyFpEpvTVSwnsgaltsgvhtfpAvLqssgLYSLSSVVTVPssSLGTQTYICNVNHKPsnTKVDKKVEPKscDKTHTCPPCpaPELLGGPSVFLFPPKPKDTLMISRTPEVTCVVVDVSHEDPEVKFNWYVDGVEVHNAKtkPREEQYNSTYRvvSVLTVLHQDWLNGKEykCKVSNKALPAPIEKTISKAKGQPREPQVYTLPPSRdeltkNQVSLTCLVKgFYPsDIAVEWESNGQPENNYKTTPPVLDSDGSFFLYSKLTVDKSRWQQGNVFSCSVMHEALHNHYTQKslslspelqleescaeaqdgeldglwttitifitlfllsvcysatvtffkvkwifssvvdlkqtiipdyrnmigqga		616449318.5984701	617313949.2988045	610451538.927262	3876	T	1	0	0	33.19689715910825	0.00026001040041601667
P00489	PYGM	Oryctolagus cuniculus	Glycogen phosphorylase, muscle form	97227.85932936243	1	LITAIGDVVNHDPVVGDR|IGEEYISDLDQLRK|LLSYVDDEAFIR|VFADYEEYVK	TCAYTNHTVLPEALER|VLYPNDNFFEGK	6	4	0.09727	msrplsdqekrkqisvrglagvenvtelkknfnrhlhftlvkdrnvatprdyyfalahtvrdhlvgrwirtqqhyyekdpkriyylslefymgrtlqntmvnlalenacdeatyqlgldmeeleeieedaglgngglgrlaacfldsmatlglaaygygiryefgifnqkicggwqmeeaddwlrygnpwekarpeftlpvhfygrvehtsqgakwvdtqvvlampydtpvpgyrnnvvntmrlwsakapndfnlkdfnvggyiqavldrnlaenisrVLYPNDNFFEGKelrlkqeyfvvaatlqdiirrfksskfgcrdpvrtnfdafpdkvaiqlndthpslaipelmrvlvdlerldwdkawevtvkTCAYTNHTVLPEALERwpvhlletllprhlqiiyeinqrflnrvaaafpgdvdrlrrmslveegavkrinmahlciagshavngvarihseilkktifkdfyelephkfqnktngitprrwlvlcnpglaeiiaerIGEEYISDLDQLRKLLSYVDDEAFIRdvakvkqenklkfaaylereykvhinpnslfdvqvkriheykrqllnclhvitlynrikkepnkfvvprtvmiggkaapgyhmakmiikLITAIGDVVNHDPVVGDRlrviflenyrvslaekvipaadlseqistagteasgtgnmkfmlngaltigtmdganvemaeeageenffifgmrvedvdrldqrgynaqeyydripelrqiieqlssgffspkqpdlfkdivnmlmhhdrfkVFADYEEYVKcqervsalyknprewtrmvirniatsgkfssdrtiaqyareiwgvepsrqrlpapdekip	msrplsdqekrkqisvrglagvenvtelkknfnrhlhftlvkdrnvatprdyyfalahtvrdhlvgrwirtqqhyyekdpkriyylslefymgrtlqntmvnlalenacdeatyqlgldmeeleeieedaglgngglgrlaacfldsmatlglaaygygiryefgifnqkicggwqmeeaddwlrygnpwekarpeftlpvhfygrvehtsqgakwvdtqvvlampydtpvpgyrnnvvntmrlwsakapndfnlkdfnvggyiqavldrnlaenisrVLYPNDNFFEGKelrlkqeyfvvaatlqdiirrfksskfgcrdpvrtnfdafpdkvaiqlndthpslaipelmrvlvdlerldwdkawevtvkTCAYTNHTVLPEALERwpvhlletllprhlqiiyeinqrflnrvaaafpgdvdrlrrmslveegavkrinmahlciagshavngvarihseilkktifkdfyelephkfqnktngitprrwlvlcnpglaeiiaerIGEEYISDLDQLRKLLSYVDDEAFIRdvakvkqenklkfaaylereykvhinpnslfdvqvkriheykrqllnclhvitlynrikkepnkfvvprtvmiggkaapgyhmakmiikLITAIGDVVNHDPVVGDRlrviflenyrvslaekvipaadlseqistagteasgtgnmkfmlngaltigtmdganvemaeeageenffifgmrvedvdrldqrgynaqeyydripelrqiieqlssgffspkqpdlfkdivnmlmhhdrfkVFADYEEYVKcqervsalyknprewtrmvirniatsgkfssdrtiaqyareiwgvepsrqrlpapdekip	msrplsdqekrkqisvrglagvenvtelkknfnrhlhftlvkdrnvatprdyyfalahtvrdhlvgrwirtqqhyyekdpkriyylslefymgrtlqntmvnlalenacdeatyqlgldmeeleeieedaglgngglgrlaacfldsmatlglaaygygiryefgifnqkicggwqmeeaddwlrygnpwekarpeftlpvhfygrvehtsqgakwvdtqvvlampydtpvpgyrnnvvntmrlwsakapndfnlkdfnvggyiqavldrnlaenisrvlYPNDNFFEGKelrlkqeyfvvaatlqdiirrfksskfgcrdpvrtnfdafpdkvaiqlndthpslaipelmrvlvdlerldwdkawevtvktcAYTNHTVLPEALERwpvhlletllprhlqiiyeinqrflnrvaaafpgdvdrlrrmslveegavkrinmahlciagshavngvarihseilkktifkdfyelephkfqnktngitprrwlvlcnpglaeiiaerIGEEYISDLDQLRKLLSYVDDEAFIRdvakvkqenklkfaaylereykvhinpnslfdvqvkriheykrqllnclhvitlynrikkepnkfvvprtvmiggkaapgyhmakmiikliTAIGDVVNHDPVVGDRlrviflenyrvslaekvipaadlseqistagteasgtgnmkfmlngaltigtmdganvemaeeageenffifgmrvedvdrldqrgynaqeyydripelrqiieqlssgffspkqpdlfkdivnmlmhhdrfkVFADYEEYVKcqervsalyknprewtrmvirniatsgkfssdrtiaqyareiwgvepsrqrlpapdekip		47679069.531475656	48117987.41774471	47885484.45732976	68	T	2	0	0	25.41693890508471	0.00026001040041601667
G3I196	I79_017147	Cricetulus griseus	Large ribosomal subunit protein eL14	17726.01937631853	1	AAIAAAAAAAAAAK		1	1	0.08537	mpfkcmqltdfilkfphsarqkyvrkawekadintkwsatrwakkidarerkakmtdfdrfkvmkakkmrnriiktevkklqraailkaspkkapvakAAIAAAAAAAAAAKakvpakkgtapgkkaagqkaagqkaaapakgqksqktptqktpaakaagkka	mpfkcmqltdfilkfphsarqkyvrkawekadintkwsatrwakkidarerkakmtdfdrfkvmkakkmrnriiktevkklqraailkaspkkapvakAAIAAAAAAAAAAKakvpakkgtapgkkaagqkaagqkaaapakgqksqktptqktpaakaagkka	mpfkcmqltdfilkfphsarqkyvrkawekadintkwsatrwakkidarerkakmtdfdrfkvmkakkmrnriiktevkklqraailkaspkkapvakaaIAAAAAAAAAAKakvpakkgtapgkkaagqkaagqkaaapakgqksqktptqktpaakaagkka		325187.6406250006	366993.29687500076	322672.02929687535	3	T	3	0	0	16.290460234131324	0.00026001040041601667
G3HDU1	LOC100752904	Cricetulus griseus	H1.2 linker histone, cluster member	21271.696161473537	1	KPAAAAVTK	KASGPPVSELITK|GTGASGSFK|SGVSLAALKK	4	1	0.1934	msetapaapaaappaektpakkkaakkpagarrKASGPPVSELITKavaaskerSGVSLAALKKalaaagydveknnsriklglkslvskgtlvqtkGTGASGSFKlnkkaasgeakpkakkagaakakkpagaakkpkkatgsatpkkaakktpkkakKPAAAAVTKkvakspkkakvakpkkaktaskavkpkaakpkvakpkkvaakkk	msetapaapaaappaektpakkkaakkpagarrKASGPPVSELITKavaaskerSGVSLAALKKalaaagydveknnsriklglkslvskgtlvqtkGTGASGSFKlnkkaasgeakpkakkagaakakkpagaakkpkkatgsatpkkaakktpkkakKPAAAAVTKkvakspkkakvakpkkaktaskavkpkaakpkvakpkkvaakkk	msetapaapaaappaektpakkkaakkpagarrKASgppvseLITKavaaskersgVSLAalKKalaaagydveknnsriklglkslvskgtlvqtkgtGASGSFKlnkkaasgeakpkakkagaakakkpagaakkpkkatgsatpkkaakktpkkakKPAAAAVTKkvakspkkakvakpkkaktaskavkpkaakpkvakpkkvaakkk		375542.02502114075	523138.5210754202	516495.39096294367	9	T	4	0	0	14.264014661982543	0.00026001040041601667
G3ILU4	I79_024866	Cricetulus griseus	Immunoglobulin V-set domain-containing protein (Fragment)	11516.592349179327	1	GRFTISRDNSK|FTISRDNSK	GRFTISR	3	2	0.10577	gmqckvqlvesggglvqhgksqklscaasgftfssyamnwvrrapgkglewvayinadssyiyyanavkGRFTISRDNSKnsmnlqmndlkfedkpciaveetq	gmqckvqlvesggglvqhgksqklscaasgftfssyamnwvrrapgkglewvayinadssyiyyanavkGRFTISRDNSKnsmnlqmndlkfedkpciaveetq	gmqckvqlvesggglvqhgksqklscaasgftfssyamnwvrrapgkglewvayinadssyiyyanavkgrFTISRDNSKnsmnlqmndlkfedkpciaveetq		70842341.09462582	67576925.48978662	65474476.442567356	90	T	5	0	0	14.107266403922953	0.00026001040041601667
G3HPV6	I79_012827	Cricetulus griseus	Histone H4	28445.717690731035	1		DNIQGITKPAIR|ISGLIYEETR|AGLQFPVGR|DAVTYTEHAK	4	0	0.12214	msgrgkqggkarakaktrssraglqfpvgrvhrllrkgnyservgagapvylaavleyltaeilelagnaardnkkpptiprplqlairndeelnkllgrvtiaqggvlpniqavllpkkteshhkakgkssvrsaaccikacsqlkaqcfssqrftvtmsgrgkggkglgkggakrhrkvlrDNIQGITKPAIRrlarrggvkrISGLIYEETRgvlkvflenvirDAVTYTEHAKrktvtamdvvyalkrqgrtlygfgg	msgrgkqggkarakaktrssraglqfpvgrvhrllrkgnyservgagapvylaavleyltaeilelagnaardnkkpptiprplqlairndeelnkllgrvtiaqggvlpniqavllpkkteshhkakgkssvrsaaccikacsqlkaqcfssqrftvtmsgrgkggkglgkggakrhrkvlrDNIQGITKPAIRrlarrggvkrISGLIYEETRgvlkvflenvirDAVTYTEHAKrktvtamdvvyalkrqgrtlygfgg	msgrgkqggkarakaktrssragLQFPVGRvhrllrkgnyservgagapvylaavleyltaeilelagnaardnkkpptiprplqlairndeelnkllgrvtiaqggvlpniqavllpkkteshhkakgkssvrsaaccikacsqlkaqcfssqrftvtmsgrgkggkglgkggakrhrkvlrdnIQGITKpaIRrlarrggvkrISGLIYEETRgvlkvflenvirdaVTYTEhakrktvtamdvvyalkrqgrtlygfgg		673572.3950115666	702780.8673037711	701361.8874318717	11	T	6	0	0	12.254178067535292	0.00026001040041601667
G3I1R6	I79_017334	Cricetulus griseus	Ribonuclease pancreatic	38895.45637346122	1	HFNTFIHEDIWNIR		1	1	0.04094	melklnlenltpgngattkprlqplgflaavapdavppaerernaarsglkgatgftlldpvsrskqteglistgeelancctlsvsmalqrtwslllllvltllglglvqpsygqnqmyqrflrqhvspqetggndnycnlmmqrrkmtsrqckHFNTFIHEDIWNIRgicstsniqckngrmnchegvmkvalvaamepslkawgllvfllclqysslaqstsrrefmeyhhlsphkefsgyscdvlmtekglkpkishsfvymawykvehicisgnwkdryrnsyvwaqtpikvlechrenfkgkyiekrsynyvqfhcnadgyvdsiedmkvlepifa	melklnlenltpgngattkprlqplgflaavapdavppaerernaarsglkgatgftlldpvsrskqteglistgeelancctlsvsmalqrtwslllllvltllglglvqpsygqnqmyqrflrqhvspqetggndnycnlmmqrrkmtsrqckHFNTFIHEDIWNIRgicstsniqckngrmnchegvmkvalvaamepslkawgllvfllclqysslaqstsrrefmeyhhlsphkefsgyscdvlmtekglkpkishsfvymawykvehicisgnwkdryrnsyvwaqtpikvlechrenfkgkyiekrsynyvqfhcnadgyvdsiedmkvlepifa	melklnlenltpgngattkprlqplgflaavapdavppaerernaarsglkgatgftlldpvsrskqteglistgeelancctlsvsmalqrtwslllllvltllglglvqpsygqnqmyqrflrqhvspqetggndnycnlmmqrrkmtsrqckhfntFIHEDIWniRgicstsniqckngrmnchegvmkvalvaamepslkawgllvfllclqysslaqstsrrefmeyhhlsphkefsgyscdvlmtekglkpkishsfvymawykvehicisgnwkdryrnsyvwaqtpikvlechrenfkgkyiekrsynyvqfhcnadgyvdsiedmkvlepifa		182547.99633877218			1	T	7	0	0	11.40976409054891	0.00026001040041601667
G3HL18|G3HUC0	I79_011403|I79_014528	Cricetulus griseus	trypsin|trypsin (Fragment)	26715.1572407586|23153.24087582552	2		TLDNDIMLIK	1	0	0.03968|0	maspsstlinclfsfpisiqvafpidddkivggytcqknsvpyqvslnsgyhfcggslinnqwvvsaahcyktriqvrlgehninvlegdeqfvtaskiirhpsfnsrTLDNDIMLIKlaspvtlnsrvatvalptscaaagtqclisgwgntlssgvnnpdllqclnapvlsqsacqaaypgqitanmicvgfleggkdscqgdsggpvvcngklqgivswgygcalknnpgvytkvcnyvswiqstiaan|kivggytcqensvpyqvslnsgyhfcggslindqwvvsaahcyktriqvrvgehninvlegneqfvtaekiirhpgfssrtldndimliklaspvaqvatvalpvscapagtqclisgwgntlsfgdllqcldapllpqadceasypgritskmvcagfleggkdscqgdsggpvvcngqlqgivswgygcalkdspgvytrvcnyvdwientidan	maspsstlinclfsfpisiqvafpidddkivggytcqknsvpyqvslnsgyhfcggslinnqwvvsaahcyktriqvrlgehninvlegdeqfvtaskiirhpsfnsrTLDNDIMLIKlaspvtlnsrvatvalptscaaagtqclisgwgntlssgvnnpdllqclnapvlsqsacqaaypgqitanmicvgfleggkdscqgdsggpvvcngklqgivswgygcalknnpgvytkvcnyvswiqstiaan|kivggytcqensvpyqvslnsgyhfcggslindqwvvsaahcyktriqvrvgehninvlegneqfvtaekiirhpgfssrtldndimliklaspvaqvatvalpvscapagtqclisgwgntlsfgdllqcldapllpqadceasypgritskmvcagfleggkdscqgdsggpvvcngqlqgivswgygcalkdspgvytrvcnyvdwientidan	maspsstlinclfsfpisiqvafpidddkivggytcqknsvpyqvslnsgyhfcggslinnqwvvsaahcyktriqvrlgehninvlegdeqfvtaskiirhpsfnsrTLDNDIMLIKlaspvtlnsrvatvalptscaaagtqclisgwgntlssgvnnpdllqclnapvlsqsacqaaypgqitanmicvgfleggkdscqgdsggpvvcngklqgivswgygcalknnpgvytkvcnyvswiqstiaan|kivggytcqensvpyqvslnsgyhfcggslindqwvvsaahcyktriqvrvgehninvlegneqfvtaekiirhpgfssrTLDNDIMLIKlaspvaqvatvalpvscapagtqclisgwgntlsfgdllqcldapllpqadceasypgritskmvcagfleggkdscqgdsggpvvcngqlqgivswgygcalkdspgvytrvcnyvdwientidan		3558678.406250003	3867984.691618203	3541635.0625000023	3	T	8	0	0	11.171727636732495	0.00026001040041601667
G3ILZ7	I79_024924	Cricetulus griseus	Ig-like domain-containing protein	17093.33911377876	1	NTLFLQMNSVKSEDTATYYCAR	GRFTISR	2	1	0.14286	mavlmlllclvnfpscvqcevqlgesggglvqpgkslklsceasgftfssygmdwvrqspgkglewvayissrssniyyanavkgrftisrdnakNTLFLQMNSVKSEDTATYYCARdtvsesccelrhkppcrmlmtsrgrkehrfsgsqksl	mavlmlllclvnfpscvqcevqlgesggglvqpgkslklsceasgftfssygmdwvrqspgkglewvayissrssniyyanavkgrftisrdnakNTLFLQMNSVKSEDTATYYCARdtvsesccelrhkppcrmlmtsrgrkehrfsgsqksl	mavlmlllclvnfpscvqcevqlgesggglvqpgkslklsceasgftfssygmdwvrqspgkglewvayissrssniyyanavkgrFTISRdnakntlflqmnsvkseDtatYYCardtvsesccelrhkppcrmlmtsrgrkehrfsgsqksl					59	T	9	0	0	10.196630321497901	0.00026001040041601667
G3GZB5	I79_003176	Cricetulus griseus	Mitochondrial tumor suppressor 1-like	118745.63986780989	1	SLCIQTQTAPDVLSSERALELAQCKTK		1	1	0.02523	mnddnsdktdelrymfisdkngntseyntkpsstqcpstshwdwniaspddmvvdyvmdpavdtngsvsvshqrvepssdfigkpgfavrsdpthqssalsttespnlhsnldslealqgerfepslpcmrksdgdfgcadssaalelkqtlnmkvdsinctfkalhssdqgqplyapgglqptgvrggntlscskwtsphsykknvggihynregfenlqappsealntayiicsdvpmqtdgedigiqchyslgnvtkeytdgteqglfgereiqavtpvsggmevpngsvlqgfycasedepnskthshgsygqqemgqnlretlsnchvvecpllapafdkcktrvldseckvtvtedldiasydnnseiqnsageltlrgipgqrisfyemawdgngravstnstactsistqvpktpdisltllpvdntemcnlvensprdgknapnlkgapvnvskpnlgksatktntpmgskvrkteiirypipnfknikakvisrsvlqpkdpslpkgtpkpqstgvssappvpskqltvvskteksdftadkkaellinktdkqpfnklitsqpvhvttysknaslrvprttsatksnredvdktgsshavvetgsvavfsqiegilpvkmksseclevtyashidqinpekagnaavikyeekapkqafqngsgalylkplvprahahllktppkvekgrqknprSLCIQTQTAPDVLSSERALELAQCKTKcenqsrvilhlkqllssgntksealtvviqhllsereealkqhknlsqelvnlrgelvdasstceklekarndlqtayegfiqklnqqhqtdrtelenqlkefymveykklrdiyseeaekyktqlqeqhkikvpffpeikkshekekkllenllnekqeslekqvnnlksendalneklkseeqkrisrekansknpqvmyleqeleslkavleikneklhqqdmklmtmerlvdkntalvdklkrfqqeneelkarmdkhmtisrqlsieqaalqeslekestvnkrlsmeneellwklhngdlcsltrsptssaipfqsprnsgsfsspsispr	mnddnsdktdelrymfisdkngntseyntkpsstqcpstshwdwniaspddmvvdyvmdpavdtngsvsvshqrvepssdfigkpgfavrsdpthqssalsttespnlhsnldslealqgerfepslpcmrksdgdfgcadssaalelkqtlnmkvdsinctfkalhssdqgqplyapgglqptgvrggntlscskwtsphsykknvggihynregfenlqappsealntayiicsdvpmqtdgedigiqchyslgnvtkeytdgteqglfgereiqavtpvsggmevpngsvlqgfycasedepnskthshgsygqqemgqnlretlsnchvvecpllapafdkcktrvldseckvtvtedldiasydnnseiqnsageltlrgipgqrisfyemawdgngravstnstactsistqvpktpdisltllpvdntemcnlvensprdgknapnlkgapvnvskpnlgksatktntpmgskvrkteiirypipnfknikakvisrsvlqpkdpslpkgtpkpqstgvssappvpskqltvvskteksdftadkkaellinktdkqpfnklitsqpvhvttysknaslrvprttsatksnredvdktgsshavvetgsvavfsqiegilpvkmksseclevtyashidqinpekagnaavikyeekapkqafqngsgalylkplvprahahllktppkvekgrqknprSLCIQTQTAPDVLSSERALELAQCKTKcenqsrvilhlkqllssgntksealtvviqhllsereealkqhknlsqelvnlrgelvdasstceklekarndlqtayegfiqklnqqhqtdrtelenqlkefymveykklrdiyseeaekyktqlqeqhkikvpffpeikkshekekkllenllnekqeslekqvnnlksendalneklkseeqkrisrekansknpqvmyleqeleslkavleikneklhqqdmklmtmerlvdkntalvdklkrfqqeneelkarmdkhmtisrqlsieqaalqeslekestvnkrlsmeneellwklhngdlcsltrsptssaipfqsprnsgsfsspsispr	mnddnsdktdelrymfisdkngntseyntkpsstqcpstshwdwniaspddmvvdyvmdpavdtngsvsvshqrvepssdfigkpgfavrsdpthqssalsttespnlhsnldslealqgerfepslpcmrksdgdfgcadssaalelkqtlnmkvdsinctfkalhssdqgqplyapgglqptgvrggntlscskwtsphsykknvggihynregfenlqappsealntayiicsdvpmqtdgedigiqchyslgnvtkeytdgteqglfgereiqavtpvsggmevpngsvlqgfycasedepnskthshgsygqqemgqnlretlsnchvvecpllapafdkcktrvldseckvtvtedldiasydnnseiqnsageltlrgipgqrisfyemawdgngravstnstactsistqvpktpdisltllpvdntemcnlvensprdgknapnlkgapvnvskpnlgksatktntpmgskvrkteiirypipnfknikakvisrsvlqpkdpslpkgtpkpqstgvssappvpskqltvvskteksdftadkkaellinktdkqpfnklitsqpvhvttysknaslrvprttsatksnredvdktgsshavvetgsvavfsqiegilpvkmksseclevtyashidqinpekagnaavikyeekapkqafqngsgalylkplvprahahllktppkvekgrqknprslciqtqtapdvlsseralElaqcktKcenqsrvilhlkqllssgntksealtvviqhllsereealkqhknlsqelvnlrgelvdasstceklekarndlqtayegfiqklnqqhqtdrtelenqlkefymveykklrdiyseeaekyktqlqeqhkikvpffpeikkshekekkllenllnekqeslekqvnnlksendalneklkseeqkrisrekansknpqvmyleqeleslkavleikneklhqqdmklmtmerlvdkntalvdklkrfqqeneelkarmdkhmtisrqlsieqaalqeslekestvnkrlsmeneellwklhngdlcsltrsptssaipfqsprnsgsfsspsispr			16240522.208333308	17357188.04166663	3	T	10	0	0	9.067392627318817	0.00026001040041601667
G3H0Y1	I79_003801	Cricetulus griseus	Uncharacterized protein	5510.796466815709	1	SGWWQGQKEVVQRQSSGQAQQSSPV		1	1	0.5	mppkddkkktdagksskkdkdpvskSGWWQGQKEVVQRQSSGQAQQSSPV	mppkddkkktdagksskkdkdpvskSGWWQGQKEVVQRQSSGQAQQSSPV	mppkddkkktdagksskkdkdpvsksgwwQgqkevVqrqssgqaQqsspv		2879217.7187500037		1512264.6874999986	2	T	11	0	0	9.035984973977506	0.00026001040041601667
G3GSU9	Irf2	Cricetulus griseus	Interferon regulatory factor	39399.84372696068	1	QEPVESSLGLSNGVSDLSPEYAVLTSAIK		1	1	0.08309	mpvermrmrpwleeqinsntipglkwlnkekkifqipwmhaarhgwdvekdaplfrnwaihtgkhqpgvdkpdpktwkanfrcamnslpdieevkdrsikkgnnafrvyrmlplserpskkgkkpktekedrvkhikQEPVESSLGLSNGVSDLSPEYAVLTSAIKnevdstvniivvgqshldssiedqeivtnppdicqvvevttesddqpvsmselyplqispvssyaesettdsvpsdeesaegrphwrkrniegkqylsnmgtrstyllpsmatfvtsnkpdlqvtikeescpmpynsswppftdlslpapvtptpsssrpdretrasvikktsditqarvksc	mpvermrmrpwleeqinsntipglkwlnkekkifqipwmhaarhgwdvekdaplfrnwaihtgkhqpgvdkpdpktwkanfrcamnslpdieevkdrsikkgnnafrvyrmlplserpskkgkkpktekedrvkhikQEPVESSLGLSNGVSDLSPEYAVLTSAIKnevdstvniivvgqshldssiedqeivtnppdicqvvevttesddqpvsmselyplqispvssyaesettdsvpsdeesaegrphwrkrniegkqylsnmgtrstyllpsmatfvtsnkpdlqvtikeescpmpynsswppftdlslpapvtptpsssrpdretrasvikktsditqarvksc	mpvermrmrpwleeqinsntipglkwlnkekkifqipwmhaarhgwdvekdaplfrnwaihtgkhqpgvdkpdpktwkanfrcamnslpdieevkdrsikkgnnafrvyrmlplserpskkgkkpktekedrvkhikqepVesslglsngVSdlspeyavltsaiKnevdstvniivvgqshldssiedqeivtnppdicqvvevttesddqpvsmselyplqispvssyaesettdsvpsdeesaegrphwrkrniegkqylsnmgtrstyllpsmatfvtsnkpdlqvtikeescpmpynsswppftdlslpapvtptpsssrpdretrasvikktsditqarvksc		22907544.666666716	18317760.375000004		3	T	12	0	0	9.035696477223599	0.00026001040041601667
G3HTB2	I79_014134	Cricetulus griseus	Myosin-XVIIIb	232307.24107927142	1	QELLGCASVGKQGVASLKEK		1	1	0.00962	mrtpevpinqanktnnvpkpgsqqtsqdspsatqkdadipgkdppraddknsmpvtstggekpqesgptgtpakrtlpfkrgvrrgdvllmvakldpelakpeqktqprdtpkdktpalatdpggtkkgattgtpcgpqtpiteknstggdgdtsqggtkggkcqgtegkgsrdpqtkgqkecesqntegqgtrspaweavnkgqvgtvekggggppkkmekedgpkgagakvrpleppvpikkwgvslgrrskwdssqsknresesqrrdekrgdlqgtaaeprgqqqeapgkmekaggsqkklvipgkcqeqpgvtaetqspqecckapggmptevtlaaevaeaarredqpestaqgagepcvhaeeevdieepqaegpveslpktqversslqkpmeeepvlqdpgrdsdqaseedrwyeaqkvwlvqkdgftlatvlkpdegtadlpagrvrlcmdadktvtevdedqvhranpseldqtedlaslvcvnessvlntllqryqaqlphtrsgpdlialqpqkttvpssgkvprgrqdglpahvtslaqraywallsqrrdqsivalgrsgagkttcceqvlehlvsmagsvdgrvsveklqaaftvlqafgsvstghsrrasrfsmvisldfnatgrvtaaqvqtvllensrvarqpqgegnfevfsqllagldvdlrtelnlhqmsesnafgmgvwsqpedkqkaatafsqlqgamellgisegeqraiwrvlaaiyhlgaagackvgrkqfmrfewanhaaealgcdyeelntatfkhhlrqiieqmtsgsqrqcledndassglkmtgvecvegmasglyqelfgavvylinrafsshhlsmasimvvdspgfqnprhqckdraatfeelcynyaqerlqllfyhrtfvstleryqeahlpaggateaagglfwvldeevrvegssdsvvlerlcaafekktvgadgpsvlriceqplqcelfhqlgrdpvrydltgwlrrakpnlsaleapqilqqsqrkelqnlfqaraklppvcravaglegtsqqalhrgrvvrrafasrvaalkrkapcaqiklqmdalisllsrsqlhfihclvptsveskpgqgtpsppqpggdqgganeppaldipamrvqlagshilealrlhragyadhmglvqfrrrfqaldpqllkkldwtseglderkvveellqtldlekkavavghsqvflkagvvsrlerqreklvsqnivlfqaacrgflsrqeckklkaggppcthilllqirrlatqciqknltvflevkdwpwwrllaslrpllsptlsleqlqakeeeltllreklqkseksrselrqstdlleskitdliseladerfkgdvacqaleseraerlqafrevqelkakyqqvqealgavqkqleeaqqkiqlanleekhtggadewqmrldcaqmendflrkrlqqceerldsemkarteveqklgelqnayeeakktahqlkrkchhltwdledtrvllenqqsrnhelekrqkkfdlqlakalgesmfektlrekvsqensgvrwelgqlqqqleqkeqeasklkqeveklqgqkQELLGCASVGKQGVASLKEKvwelessaleqqkvhsqqentikqleqlrqrfeleiermkqmhqkdredqeeeledvrqscqkrlrqmemqleqeheekqvalhekrdlegligtlcdqighrdfdvekrlrrdlrrthallsdvqlllatmedsktsvskeelekvhsqleqseakcedalktqkvlttdlenmhseletvarsksvvdeqlyrlqferadllkridedqedlnglmqkhkdliaqsaadigqiqelqlqleeakkekqklqeqlqvaqlriqyleqstvdraivsrqeavicdlenktefqkvlmkrfevlvirlrnslikmgeelsqtskseaqqrensqyyqrrleelkaemkelmqreeeasrrcmelekyveelaavrqtlqvdletsirriadlqaaledvvssdsdtesvqtavdcgsrrrkeednvsvissqpesslqswmscslslamdtarapsqqsvvsssllsprpsqggcyalcviavhlsvkhtqsrka	mrtpevpinqanktnnvpkpgsqqtsqdspsatqkdadipgkdppraddknsmpvtstggekpqesgptgtpakrtlpfkrgvrrgdvllmvakldpelakpeqktqprdtpkdktpalatdpggtkkgattgtpcgpqtpiteknstggdgdtsqggtkggkcqgtegkgsrdpqtkgqkecesqntegqgtrspaweavnkgqvgtvekggggppkkmekedgpkgagakvrpleppvpikkwgvslgrrskwdssqsknresesqrrdekrgdlqgtaaeprgqqqeapgkmekaggsqkklvipgkcqeqpgvtaetqspqecckapggmptevtlaaevaeaarredqpestaqgagepcvhaeeevdieepqaegpveslpktqversslqkpmeeepvlqdpgrdsdqaseedrwyeaqkvwlvqkdgftlatvlkpdegtadlpagrvrlcmdadktvtevdedqvhranpseldqtedlaslvcvnessvlntllqryqaqlphtrsgpdlialqpqkttvpssgkvprgrqdglpahvtslaqraywallsqrrdqsivalgrsgagkttcceqvlehlvsmagsvdgrvsveklqaaftvlqafgsvstghsrrasrfsmvisldfnatgrvtaaqvqtvllensrvarqpqgegnfevfsqllagldvdlrtelnlhqmsesnafgmgvwsqpedkqkaatafsqlqgamellgisegeqraiwrvlaaiyhlgaagackvgrkqfmrfewanhaaealgcdyeelntatfkhhlrqiieqmtsgsqrqcledndassglkmtgvecvegmasglyqelfgavvylinrafsshhlsmasimvvdspgfqnprhqckdraatfeelcynyaqerlqllfyhrtfvstleryqeahlpaggateaagglfwvldeevrvegssdsvvlerlcaafekktvgadgpsvlriceqplqcelfhqlgrdpvrydltgwlrrakpnlsaleapqilqqsqrkelqnlfqaraklppvcravaglegtsqqalhrgrvvrrafasrvaalkrkapcaqiklqmdalisllsrsqlhfihclvptsveskpgqgtpsppqpggdqgganeppaldipamrvqlagshilealrlhragyadhmglvqfrrrfqaldpqllkkldwtseglderkvveellqtldlekkavavghsqvflkagvvsrlerqreklvsqnivlfqaacrgflsrqeckklkaggppcthilllqirrlatqciqknltvflevkdwpwwrllaslrpllsptlsleqlqakeeeltllreklqkseksrselrqstdlleskitdliseladerfkgdvacqaleseraerlqafrevqelkakyqqvqealgavqkqleeaqqkiqlanleekhtggadewqmrldcaqmendflrkrlqqceerldsemkarteveqklgelqnayeeakktahqlkrkchhltwdledtrvllenqqsrnhelekrqkkfdlqlakalgesmfektlrekvsqensgvrwelgqlqqqleqkeqeasklkqeveklqgqkQELLGCASVGKQGVASLKEKvwelessaleqqkvhsqqentikqleqlrqrfeleiermkqmhqkdredqeeeledvrqscqkrlrqmemqleqeheekqvalhekrdlegligtlcdqighrdfdvekrlrrdlrrthallsdvqlllatmedsktsvskeelekvhsqleqseakcedalktqkvlttdlenmhseletvarsksvvdeqlyrlqferadllkridedqedlnglmqkhkdliaqsaadigqiqelqlqleeakkekqklqeqlqvaqlriqyleqstvdraivsrqeavicdlenktefqkvlmkrfevlvirlrnslikmgeelsqtskseaqqrensqyyqrrleelkaemkelmqreeeasrrcmelekyveelaavrqtlqvdletsirriadlqaaledvvssdsdtesvqtavdcgsrrrkeednvsvissqpesslqswmscslslamdtarapsqqsvvsssllsprpsqggcyalcviavhlsvkhtqsrka	mrtpevpinqanktnnvpkpgsqqtsqdspsatqkdadipgkdppraddknsmpvtstggekpqesgptgtpakrtlpfkrgvrrgdvllmvakldpelakpeqktqprdtpkdktpalatdpggtkkgattgtpcgpqtpiteknstggdgdtsqggtkggkcqgtegkgsrdpqtkgqkecesqntegqgtrspaweavnkgqvgtvekggggppkkmekedgpkgagakvrpleppvpikkwgvslgrrskwdssqsknresesqrrdekrgdlqgtaaeprgqqqeapgkmekaggsqkklvipgkcqeqpgvtaetqspqecckapggmptevtlaaevaeaarredqpestaqgagepcvhaeeevdieepqaegpveslpktqversslqkpmeeepvlqdpgrdsdqaseedrwyeaqkvwlvqkdgftlatvlkpdegtadlpagrvrlcmdadktvtevdedqvhranpseldqtedlaslvcvnessvlntllqryqaqlphtrsgpdlialqpqkttvpssgkvprgrqdglpahvtslaqraywallsqrrdqsivalgrsgagkttcceqvlehlvsmagsvdgrvsveklqaaftvlqafgsvstghsrrasrfsmvisldfnatgrvtaaqvqtvllensrvarqpqgegnfevfsqllagldvdlrtelnlhqmsesnafgmgvwsqpedkqkaatafsqlqgamellgisegeqraiwrvlaaiyhlgaagackvgrkqfmrfewanhaaealgcdyeelntatfkhhlrqiieqmtsgsqrqcledndassglkmtgvecvegmasglyqelfgavvylinrafsshhlsmasimvvdspgfqnprhqckdraatfeelcynyaqerlqllfyhrtfvstleryqeahlpaggateaagglfwvldeevrvegssdsvvlerlcaafekktvgadgpsvlriceqplqcelfhqlgrdpvrydltgwlrrakpnlsaleapqilqqsqrkelqnlfqaraklppvcravaglegtsqqalhrgrvvrrafasrvaalkrkapcaqiklqmdalisllsrsqlhfihclvptsveskpgqgtpsppqpggdqgganeppaldipamrvqlagshilealrlhragyadhmglvqfrrrfqaldpqllkkldwtseglderkvveellqtldlekkavavghsqvflkagvvsrlerqreklvsqnivlfqaacrgflsrqeckklkaggppcthilllqirrlatqciqknltvflevkdwpwwrllaslrpllsptlsleqlqakeeeltllreklqkseksrselrqstdlleskitdliseladerfkgdvacqaleseraerlqafrevqelkakyqqvqealgavqkqleeaqqkiqlanleekhtggadewqmrldcaqmendflrkrlqqceerldsemkarteveqklgelqnayeeakktahqlkrkchhltwdledtrvllenqqsrnhelekrqkkfdlqlakalgesmfektlrekvsqensgvrwelgqlqqqleqkeqeasklkqeveklqgqkQeLlgcasvgkqgvaslkeKvwelessaleqqkvhsqqentikqleqlrqrfeleiermkqmhqkdredqeeeledvrqscqkrlrqmemqleqeheekqvalhekrdlegligtlcdqighrdfdvekrlrrdlrrthallsdvqlllatmedsktsvskeelekvhsqleqseakcedalktqkvlttdlenmhseletvarsksvvdeqlyrlqferadllkridedqedlnglmqkhkdliaqsaadigqiqelqlqleeakkekqklqeqlqvaqlriqyleqstvdraivsrqeavicdlenktefqkvlmkrfevlvirlrnslikmgeelsqtskseaqqrensqyyqrrleelkaemkelmqreeeasrrcmelekyveelaavrqtlqvdletsirriadlqaaledvvssdsdtesvqtavdcgsrrrkeednvsvissqpesslqswmscslslamdtarapsqqsvvsssllsprpsqggcyalcviavhlsvkhtqsrka		77468696.16666657			1	T	13	0	0	9.019941165283194	0.00026001040041601667
G3H2T7|G3HDS3	I79_004539|I79_008689	Cricetulus griseus	Histone H3|Histone H2A	29562.375825628416|26677.76927681888	2		AGLQFPVGR|YRPGTVALR	2	0	0.06742|0	msgrgkqggkarakaksrssrAGLQFPVGRvhrllrkgnyaervgagapvymaavleyltaeilelagnaardnkktriiprhlqlairndeelnkllgkvtiaqggvlpniqavllpkkteshhkakgnemartkqtarkstggkaprkqlatkaarksapatggvkkphrYRPGTVALReirryqkstellirklpfqrlvreiaqdfktdlrfqssavmalqeaseaylvglfedtnlcaihakrvtimpkdiqlarrirgera|mlislllwlfrfrlnssclliltmsgrgkqggkarakaktrssraglqfpvgrvhrllrkgnyservgagapvylaavleyltaeilelagnaardnkktriiprhlqlairndeelnkllgrvtiaqggvlpniqakphryrpgtvalreirryqkstellirklpfqrlvreiaqdfktdlrfqssavmalqeaceaylvglfedtnlcaihakrvtimpkdiqlarrirgera	msgrgkqggkarakaksrssrAGLQFPVGRvhrllrkgnyaervgagapvymaavleyltaeilelagnaardnkktriiprhlqlairndeelnkllgkvtiaqggvlpniqavllpkkteshhkakgnemartkqtarkstggkaprkqlatkaarksapatggvkkphrYRPGTVALReirryqkstellirklpfqrlvreiaqdfktdlrfqssavmalqeaseaylvglfedtnlcaihakrvtimpkdiqlarrirgera|mlislllwlfrfrlnssclliltmsgrgkqggkarakaktrssraglqfpvgrvhrllrkgnyservgagapvylaavleyltaeilelagnaardnkktriiprhlqlairndeelnkllgrvtiaqggvlpniqakphryrpgtvalreirryqkstellirklpfqrlvreiaqdfktdlrfqssavmalqeaceaylvglfedtnlcaihakrvtimpkdiqlarrirgera	msgrgkqggkarakaksrssragLQFPVGRvhrllrkgnyaervgagapvymaavleyltaeilelagnaardnkktriiprhlqlairndeelnkllgkvtiaqggvlpniqavllpkkteshhkakgnemartkqtarkstggkaprkqlatkaarksapatggvkkphryrPgtVALReirryqkstellirklpfqrlvreiaqdfktdlrfqssavmalqeaseaylvglfedtnlcaihakrvtimpkdiqlarrirgera|mlislllwlfrfrlnssclliltmsgrgkqggkarakaktrssragLQFPVGRvhrllrkgnyservgagapvylaavleyltaeilelagnaardnkktriiprhlqlairndeelnkllgrvtiaqggvlpniqakphryrPgtVALReirryqkstellirklpfqrlvreiaqdfktdlrfqssavmalqeaceaylvglfedtnlcaihakrvtimpkdiqlarrirgera		240860.36523437526		262664.07812500047	4	T	14	0	0	8.295956993376052	0.00026001040041601667
G3H2K2	I79_004417	Cricetulus griseus	Cytochrome c, somatic	11675.998596686968	1	KYIPGTK	GITWGEDTLMEYLENPK	2	1	0.22857	mgdvekgkkifvqkcaqchtvekggkhktgpnlhglfgrktgqaagfsytdanknkGITWGEDTLMEYLENPKKYIPGTKmifsvfknkgeradliaylkkatne	mgdvekgkkifvqkcaqchtvekggkhktgpnlhglfgrktgqaagfsytdanknkGITWGEDTLMEYLENPKKYIPGTKmifsvfknkgeradliaylkkatne	mgdvekgkkifvqkcaqchtvekggkhktgpnlhglfgrktgqaagfsytdanknkgitwgedtlMeylENpkKYIpgTKmifsvfknkgeradliaylkkatne				323817.72018733673	2	T	15	0	0	8.293766194932804	0.00026001040041601667
G3I501	LOC100752547	Cricetulus griseus	Histone H1.0	20888.222091929965	1	LVTTGVLK		1	1	0.04124	mtenststpaakpkrakaskkstdhpkysdmivaaiqaeknragssrqsiqkyikshykvgenadsqiklsikrLVTTGVLKqtkgvgasgsfrlakgdepkrsvafkktkkevkkvatpkkaakpkkaaakapskkpkatpvkkakkkpaatpkkakkpkivkakpvkttkpkkakpvkpkakssakraskkk	mtenststpaakpkrakaskkstdhpkysdmivaaiqaeknragssrqsiqkyikshykvgenadsqiklsikrLVTTGVLKqtkgvgasgsfrlakgdepkrsvafkktkkevkkvatpkkaakpkkaaakapskkpkatpvkkakkkpaatpkkakkpkivkakpvkttkpkkakpvkpkakssakraskkk	mtenststpaakpkrakaskkstdhpkysdmivaaiqaeknragssrqsiqkyikshykvgenadsqiklsikrLVttGVLKqtkgvgasgsfrlakgdepkrsvafkktkkevkkvatpkkaakpkkaaakapskkpkatpvkkakkkpaatpkkakkpkivkakpvkttkpkkakpvkpkakssakraskkk				168512.37695312497	1	T	16	0	0	8.233956015078185	0.00026001040041601667
G3HVK5	I79_014994	Cricetulus griseus	Vesicular glutamate transporter 3	50191.987000627996	1	KMSYGATTQNVK		1	1	0.02603	mtmaekidgtneeednielneegrpvqasrphlpvcdcsccgipkryiiaimsglgfcisfgircnlgvaivemvnnstvyvdgkpeiqmaqfnwdpetvglihgsffwgyivtqipggfisnkfaansaiylvvhslsdyvvgriincsyagavvamplagvlvqyigwasvfyiygmfgiiwyifwllqayecpaahptisnaektyietsigeganlaspsvgllsavphmvmtivvpiggqladclrsrkiltttavrkimncggfgmeatlllvvgfshtkgvaisflvlavgfsgfaisgfnvnhldiapryasilmgisngvgtlsgmvcplivgamtkhktreewqnvfliaalvhysgvifygvfasgekqdwadpeslseekcgiidqdelaeetelnheailsprkKMSYGATTQNVKvqksgwrqqreaafdeeealsyqnegdysets	mtmaekidgtneeednielneegrpvqasrphlpvcdcsccgipkryiiaimsglgfcisfgircnlgvaivemvnnstvyvdgkpeiqmaqfnwdpetvglihgsffwgyivtqipggfisnkfaansaiylvvhslsdyvvgriincsyagavvamplagvlvqyigwasvfyiygmfgiiwyifwllqayecpaahptisnaektyietsigeganlaspsvgllsavphmvmtivvpiggqladclrsrkiltttavrkimncggfgmeatlllvvgfshtkgvaisflvlavgfsgfaisgfnvnhldiapryasilmgisngvgtlsgmvcplivgamtkhktreewqnvfliaalvhysgvifygvfasgekqdwadpeslseekcgiidqdelaeetelnheailsprkKMSYGATTQNVKvqksgwrqqreaafdeeealsyqnegdysets	mtmaekidgtneeednielneegrpvqasrphlpvcdcsccgipkryiiaimsglgfcisfgircnlgvaivemvnnstvyvdgkpeiqmaqfnwdpetvglihgsffwgyivtqipggfisnkfaansaiylvvhslsdyvvgriincsyagavvamplagvlvqyigwasvfyiygmfgiiwyifwllqayecpaahptisnaektyietsigeganlaspsvgllsavphmvmtivvpiggqladclrsrkiltttavrkimncggfgmeatlllvvgfshtkgvaisflvlavgfsgfaisgfnvnhldiapryasilmgisngvgtlsgmvcplivgamtkhktreewqnvfliaalvhysgvifygvfasgekqdwadpeslseekcgiidqdelaeetelnheailsprkKMSygattqnVKvqksgwrqqreaafdeeealsyqnegdysets		16070265.500000037		11446980.625000017	3	T	17	0	0	8.198489340318208	0.00026001040041601667
G3HNJ3	Clu	Cricetulus griseus	Clusterin	51724.370619987974	1	SGSGLVGR		1	1	0.0179	mkilllcvgllltwdngmvlgeqevsdnelkemstqgsryinkeiqnavqgvkqiktliektneerksllnsleeakkkkedalddtrdtemklkafpevcnetmmalweeckpclkqtcmkfyarvcrSGSGLVGRqleeflnqsspfyfwmngdridslmesdrqqsqvldamqdsftrasgimdmlfqdrffthepqdthyfspfgfphrrphflypksrlvrsliplshygppsfhdmfqpflemihqaqqamdvqfhrpafqfpdkglregeddravckeirhnstgclkmkgqcekcqeilsvdcsannpaqahlrqelndslqmaerltqqynellhslqtkmlntsslleqlneqfnwvsqlanltqgedqyylrvstvtthsnnseepsrvtevvvklfdsdpitvvlpeevskdnpkfmdtvaekalqeyrkksrae	mkilllcvgllltwdngmvlgeqevsdnelkemstqgsryinkeiqnavqgvkqiktliektneerksllnsleeakkkkedalddtrdtemklkafpevcnetmmalweeckpclkqtcmkfyarvcrSGSGLVGRqleeflnqsspfyfwmngdridslmesdrqqsqvldamqdsftrasgimdmlfqdrffthepqdthyfspfgfphrrphflypksrlvrsliplshygppsfhdmfqpflemihqaqqamdvqfhrpafqfpdkglregeddravckeirhnstgclkmkgqcekcqeilsvdcsannpaqahlrqelndslqmaerltqqynellhslqtkmlntsslleqlneqfnwvsqlanltqgedqyylrvstvtthsnnseepsrvtevvvklfdsdpitvvlpeevskdnpkfmdtvaekalqeyrkksrae	mkilllcvgllltwdngmvlgeqevsdnelkemstqgsryinkeiqnavqgvkqiktliektneerksllnsleeakkkkedalddtrdtemklkafpevcnetmmalweeckpclkqtcmkfyarvcrSGSGLVGRqleeflnqsspfyfwmngdridslmesdrqqsqvldamqdsftrasgimdmlfqdrffthepqdthyfspfgfphrrphflypksrlvrsliplshygppsfhdmfqpflemihqaqqamdvqfhrpafqfpdkglregeddravckeirhnstgclkmkgqcekcqeilsvdcsannpaqahlrqelndslqmaerltqqynellhslqtkmlntsslleqlneqfnwvsqlanltqgedqyylrvstvtthsnnseepsrvtevvvklfdsdpitvvlpeevskdnpkfmdtvaekalqeyrkksrae			56572.394531250044		1	T	18	0	0	8.17464216980337	0.00026001040041601667
DECOY_G3HQ94	I79_012990	Cricetulus griseus	Netrin receptor DCC	53294.5663638424	1	GNAELPPQWSVIVARPKGER		1	1	0.04149	mlnltnnllgcsngshatlvsedwksvpnnsqaempimlkartarraalsreltsmssgadetdqgshsasksgmqtesqshsvptldqcsqipsdrgapdtgspkeinkmemeehhiwldpprldkqsgkrksvshtarkkrqqassrrtcivavvvvvlvtligitvvtivllnsnkqptvsghpphmqgippeqdnamkdphevtltrflipdslpgvgkanraqirfyymtdlnldmiqhtlrdgsitemiwddipinkdltyfliyatikGNAELPPQWSVIVARPKGERtivtldkpastpaaeyttahatmswtssrrnktvmvsfeymtnpklgtatyslsttdeskykastsfstrwrvtylrvdstkqnkpvsndawsvrvaehtlavaqvgvpplmptsvdpgstpfddllpyydvpdtpddldnepteatywnsppgtgnvtmasvqfsyqsgkelgtflywlnnpelte	mlnltnnllgcsngshatlvsedwksvpnnsqaempimlkartarraalsreltsmssgadetdqgshsasksgmqtesqshsvptldqcsqipsdrgapdtgspkeinkmemeehhiwldpprldkqsgkrksvshtarkkrqqassrrtcivavvvvvlvtligitvvtivllnsnkqptvsghpphmqgippeqdnamkdphevtltrflipdslpgvgkanraqirfyymtdlnldmiqhtlrdgsitemiwddipinkdltyfliyatikGNAELPPQWSVIVARPKGERtivtldkpastpaaeyttahatmswtssrrnktvmvsfeymtnpklgtatyslsttdeskykastsfstrwrvtylrvdstkqnkpvsndawsvrvaehtlavaqvgvpplmptsvdpgstpfddllpyydvpdtpddldnepteatywnsppgtgnvtmasvqfsyqsgkelgtflywlnnpelte	mlnltnnllgcsngshatlvsedwksvpnnsqaempimlkartarraalsreltsmssgadetdqgshsasksgmqtesqshsvptldqcsqipsdrgapdtgspkeinkmemeehhiwldpprldkqsgkrksvshtarkkrqqassrrtcivavvvvvlvtligitvvtivllnsnkqptvsghpphmqgippeqdnamkdphevtltrflipdslpgvgkanraqirfyymtdlnldmiqhtlrdgsitemiwddipinkdltyfliyatikgnaelpPqwsvivarPkgeRtivtldkpastpaaeyttahatmswtssrrnktvmvsfeymtnpklgtatyslsttdeskykastsfstrwrvtylrvdstkqnkpvsndawsvrvaehtlavaqvgvpplmptsvdpgstpfddllpyydvpdtpddldnepteatywnsppgtgnvtmasvqfsyqsgkelgtflywlnnpelte					3	D	18	1	0.05263157894736842	8.164302334520617	0.000517464424320828
G3GZP2	I79_003335	Cricetulus griseus	peptidylprolyl isomerase	16254.464821876441	1	ERDSATAYRMLQNGK		1	1	0.1049	mplialayfflwflppfislrglwyitfyclfqalatffqvpytaltmiltpsprERDSATAYRMLQNGKkfdssrdrnkpfkfrigkqevikgfeegaaqmslgqrvkltctpdvaygatghpgvippnatlifdvellnle	mplialayfflwflppfislrglwyitfyclfqalatffqvpytaltmiltpsprERDSATAYRMLQNGKkfdssrdrnkpfkfrigkqevikgfeegaaqmslgqrvkltctpdvaygatghpgvippnatlifdvellnle	mplialayfflwflppfislrglwyitfyclfqalatffqvpytaltmiltpsprerdsaTAYrmlqngkkfdssrdrnkpfkfrigkqevikgfeegaaqmslgqrvkltctpdvaygatghpgvippnatlifdvellnle			1556479.749999998		1	T	19	1	0.05263157894736842	8.149038757456912	0.000517464424320828
DECOY_G3HUC5	I79_014534	Cricetulus griseus	receptor protein-tyrosine kinase	91377.4035557768	1	ESLYAMGAAVQR		1	1	0.0146	mvgvtgearecmrqlirhiscfsprdaplkswclrmlnylelpcnepcslingdrvyyiveehamgyypqlgysfiewlvvgyawvdsettyrnyfiseppmwripiadnenakyydasyinrslgfdaikvvmnegvlcnrtaldrhvfkrESLYAMGAAVQRaiclqeacslpppgpssmraktsldshslscvthpsmsrlfenldgyamyefllcmpkgvacvgllkvinpndfeamlaaerqfdaqmdasaeeklmkvavmtfpeypllgparaqfvrgfagegidrvyeinnrpyelsllkpnlllpmrqympnphlrdlllesplttltvaaserkknkwekrrrccyltaitllafiafssmisiiltmsyapsvalsstsspmnpidvspksstispfalyplrtcsmpdrhmsplkscdpvpllhmgssflgrhtkgemalwekacflekvalcyercipmptpvmgpsceqflhncllaeaaprclpsvaklenwathilleqaeepdvisvtaaakstsfkeghkntaictylgpktiflqlrsdivrdkvseqisgssvangneiwsitpvpigiatcrltvfsgftvnhseparlirafvevelkvlksyatglsnkavcryqgadekqvnhirlsgselvairsnerlasdgkiwsvspkpngmttcplvaklgeiikvnipprtikpkmkvqlagcsevaggvgnnaiccyvgddsdevslitllqgnerisyrtdflkiliknrtwsiepqpysevacmftaveevladvtelpttivpakplketgsfavltliqllpinvler	mvgvtgearecmrqlirhiscfsprdaplkswclrmlnylelpcnepcslingdrvyyiveehamgyypqlgysfiewlvvgyawvdsettyrnyfiseppmwripiadnenakyydasyinrslgfdaikvvmnegvlcnrtaldrhvfkrESLYAMGAAVQRaiclqeacslpppgpssmraktsldshslscvthpsmsrlfenldgyamyefllcmpkgvacvgllkvinpndfeamlaaerqfdaqmdasaeeklmkvavmtfpeypllgparaqfvrgfagegidrvyeinnrpyelsllkpnlllpmrqympnphlrdlllesplttltvaaserkknkwekrrrccyltaitllafiafssmisiiltmsyapsvalsstsspmnpidvspksstispfalyplrtcsmpdrhmsplkscdpvpllhmgssflgrhtkgemalwekacflekvalcyercipmptpvmgpsceqflhncllaeaaprclpsvaklenwathilleqaeepdvisvtaaakstsfkeghkntaictylgpktiflqlrsdivrdkvseqisgssvangneiwsitpvpigiatcrltvfsgftvnhseparlirafvevelkvlksyatglsnkavcryqgadekqvnhirlsgselvairsnerlasdgkiwsvspkpngmttcplvaklgeiikvnipprtikpkmkvqlagcsevaggvgnnaiccyvgddsdevslitllqgnerisyrtdflkiliknrtwsiepqpysevacmftaveevladvtelpttivpakplketgsfavltliqllpinvler	mvgvtgearecmrqlirhiscfsprdaplkswclrmlnylelpcnepcslingdrvyyiveehamgyypqlgysfiewlvvgyawvdsettyrnyfiseppmwripiadnenakyydasyinrslgfdaikvvmnegvlcnrtaldrhvfkrESLyamgaavQRaiclqeacslpppgpssmraktsldshslscvthpsmsrlfenldgyamyefllcmpkgvacvgllkvinpndfeamlaaerqfdaqmdasaeeklmkvavmtfpeypllgparaqfvrgfagegidrvyeinnrpyelsllkpnlllpmrqympnphlrdlllesplttltvaaserkknkwekrrrccyltaitllafiafssmisiiltmsyapsvalsstsspmnpidvspksstispfalyplrtcsmpdrhmsplkscdpvpllhmgssflgrhtkgemalwekacflekvalcyercipmptpvmgpsceqflhncllaeaaprclpsvaklenwathilleqaeepdvisvtaaakstsfkeghkntaictylgpktiflqlrsdivrdkvseqisgssvangneiwsitpvpigiatcrltvfsgftvnhseparlirafvevelkvlksyatglsnkavcryqgadekqvnhirlsgselvairsnerlasdgkiwsvspkpngmttcplvaklgeiikvnipprtikpkmkvqlagcsevaggvgnnaiccyvgddsdevslitllqgnerisyrtdflkiliknrtwsiepqpysevacmftaveevladvtelpttivpakplketgsfavltliqllpinvler					1	D	19	2	0.10526315789473684	8.124427385248387	0.0007749935417204857
DECOY_G3H2J4	I79_004407	Cricetulus griseus	Transcription elongation factor B polypeptide 2	10266.159126121012	1	MQVAQEHASCASDQPKMVR		1	1	0.20652	MQVAQEHASCASDQPKMVRpleppssfpeirldefadgalfalgvtapgtrgqqkalsaerawlkphefvtssekadtfittkhrrimlfme	MQVAQEHASCASDQPKMVRpleppssfpeirldefadgalfalgvtapgtrgqqkalsaerawlkphefvtssekadtfittkhrrimlfme	mqvAqehascasdqpkmVRpleppssfpeirldefadgalfalgvtapgtrgqqkalsaerawlkphefvtssekadtfittkhrrimlfme					1	D	19	3	0.15789473684210525	8.105167339934992	0.0010333247222939809
DECOY_G3I823	Gramd4	Cricetulus griseus	GRAM domain-containing protein 4	66682.42454210164	1	SLGAPASSVYSRSSTTQLR|SLGAPASSVYSRSSTTQLRR		2	2	0.03436	msdggsaaastikvyqsfitefaedrhvmagfvlpkqtsptsvaigmgsgplvslvkykqidtidalkivknrkssgskssefclynetvylvgnriydtpmkrdrnilccrwgnecvalprenetlnfiehfngkktshfrgadedkSLGAPASSVYSRSSTTQLRRsvtagareklqpdtplnkwiiyptdykarlrpcrkfifdilffkigaylglalgvlrypffcsalfaawlavylkqtiepqvwmflnkikelidamkgflnqakqavdlvlqfkesvtldekapevaesvepviswqirwgrailynlslrlialflfmpiawghwvanmyvtfaiastyisywdslaslnkvfntvpkagrklrrmnetlrraslpeetevtneepqfrfdevyegfreyfwkqvraslgqsrrdtgtgnsahsqgkppqqpqtpqeesraklveqikqeleirrqrerdleqrlmesnteerlkrleeqlfhkellaielhgkienlrdfetrsfdqvgaamiltgpgapdrleesdrpsprptklpiedgcetdsanpsealdlfderkhgrfrirdlrrl	msdggsaaastikvyqsfitefaedrhvmagfvlpkqtsptsvaigmgsgplvslvkykqidtidalkivknrkssgskssefclynetvylvgnriydtpmkrdrnilccrwgnecvalprenetlnfiehfngkktshfrgadedkSLGAPASSVYSRSSTTQLRRsvtagareklqpdtplnkwiiyptdykarlrpcrkfifdilffkigaylglalgvlrypffcsalfaawlavylkqtiepqvwmflnkikelidamkgflnqakqavdlvlqfkesvtldekapevaesvepviswqirwgrailynlslrlialflfmpiawghwvanmyvtfaiastyisywdslaslnkvfntvpkagrklrrmnetlrraslpeetevtneepqfrfdevyegfreyfwkqvraslgqsrrdtgtgnsahsqgkppqqpqtpqeesraklveqikqeleirrqrerdleqrlmesnteerlkrleeqlfhkellaielhgkienlrdfetrsfdqvgaamiltgpgapdrleesdrpsprptklpiedgcetdsanpsealdlfderkhgrfrirdlrrl	msdggsaaastikvyqsfitefaedrhvmagfvlpkqtsptsvaigmgsgplvslvkykqidtidalkivknrkssgskssefclynetvylvgnriydtpmkrdrnilccrwgnecvalprenetlnfiehfngkktshfrgadedkslGaPassvysrsstTQLRRsvtagareklqpdtplnkwiiyptdykarlrpcrkfifdilffkigaylglalgvlrypffcsalfaawlavylkqtiepqvwmflnkikelidamkgflnqakqavdlvlqfkesvtldekapevaesvepviswqirwgrailynlslrlialflfmpiawghwvanmyvtfaiastyisywdslaslnkvfntvpkagrklrrmnetlrraslpeetevtneepqfrfdevyegfreyfwkqvraslgqsrrdtgtgnsahsqgkppqqpqtpqeesraklveqikqeleirrqrerdleqrlmesnteerlkrleeqlfhkellaielhgkienlrdfetrsfdqvgaamiltgpgapdrleesdrpsprptklpiedgcetdsanpsealdlfderkhgrfrirdlrrl					9	D	19	4	0.21052631578947367	8.095895514034654	0.0012916559028674762
DECOY_G3IBL5	I79_021041	Cricetulus griseus	NF-kappa-B essential modulator	46448.393672730235	1	QLTEPTGQESPLQLMAPK		1	1	0.045	meicemvhiqltdmdpaqyqckpccfdppeeppsrrqnplalhfshhapapllppqstevhrkrmdeirasehcgvklksyerqlqelqeqllekkevlkerahreaqfdakyidaqaklvpvtemvikhqeaeeklkdileqkavlaeeaqqlqqrldelqmgksskihsdydqflqhyaaqlqalkrkeesaaqremrlaaevsqnqmrlqdvqvshqqqlvereselqrvqesvarmrgeltqrektaaelrsqseqlegllstvqakvsakdeamqqqckklheldklvqerqrqldlkelslrevlkraeqfkcmlfekeerqsvqfhlleecrerlmqnsqriadrleqneelcrQLTEPTGQESPLQLMAPKglsseegqmdqdgapggspqv	meicemvhiqltdmdpaqyqckpccfdppeeppsrrqnplalhfshhapapllppqstevhrkrmdeirasehcgvklksyerqlqelqeqllekkevlkerahreaqfdakyidaqaklvpvtemvikhqeaeeklkdileqkavlaeeaqqlqqrldelqmgksskihsdydqflqhyaaqlqalkrkeesaaqremrlaaevsqnqmrlqdvqvshqqqlvereselqrvqesvarmrgeltqrektaaelrsqseqlegllstvqakvsakdeamqqqckklheldklvqerqrqldlkelslrevlkraeqfkcmlfekeerqsvqfhlleecrerlmqnsqriadrleqneelcrQLTEPTGQESPLQLMAPKglsseegqmdqdgapggspqv	meicemvhiqltdmdpaqyqckpccfdppeeppsrrqnplalhfshhapapllppqstevhrkrmdeirasehcgvklksyerqlqelqeqllekkevlkerahreaqfdakyidaqaklvpvtemvikhqeaeeklkdileqkavlaeeaqqlqqrldelqmgksskihsdydqflqhyaaqlqalkrkeesaaqremrlaaevsqnqmrlqdvqvshqqqlvereselqrvqesvarmrgeltqrektaaelrsqseqlegllstvqakvsakdeamqqqckklheldklvqerqrqldlkelslrevlkraeqfkcmlfekeerqsvqfhlleecrerlmqnsqriadrleqneelcrqlTeptgqesplqlmapKglsseegqmdqdgapggspqv					1	D	19	5	0.2631578947368421	8.071746832117666	0.0038679731820526046
DECOY_G3GZN4	Fbxo25	Cricetulus griseus	F-box only protein 25	41828.03831805988	1	IDQIASSFDLR		1	1	0.03081	mfkfldifhqpsvptfcsdpdaatcphgsdkwflischrcfhltdgyqektpyykqltfymlkweihgkeslilhrcfqkeafhyqclkkwlrrdeslmyltptvqgltvidwgdsfrylinnlmhlpldsltlgsnvqktmqlnqlqqqwslvtelrciwiningvlvskgvgrvlicltssldqlldkilrpnqhddlvkqvikdlinfynkqavgslstlqskailqllkvvytfrrIDQIASSFDLRnfaegltcyghrektsekhvyiwkeryfshaatdtgfhekkrkkaayecennfieeegnnliishnityqgnesqleqscsdcrkwgdetkiwswgpsrwdqglfp	mfkfldifhqpsvptfcsdpdaatcphgsdkwflischrcfhltdgyqektpyykqltfymlkweihgkeslilhrcfqkeafhyqclkkwlrrdeslmyltptvqgltvidwgdsfrylinnlmhlpldsltlgsnvqktmqlnqlqqqwslvtelrciwiningvlvskgvgrvlicltssldqlldkilrpnqhddlvkqvikdlinfynkqavgslstlqskailqllkvvytfrrIDQIASSFDLRnfaegltcyghrektsekhvyiwkeryfshaatdtgfhekkrkkaayecennfieeegnnliishnityqgnesqleqscsdcrkwgdetkiwswgpsrwdqglfp	mfkfldifhqpsvptfcsdpdaatcphgsdkwflischrcfhltdgyqektpyykqltfymlkweihgkeslilhrcfqkeafhyqclkkwlrrdeslmyltptvqgltvidwgdsfrylinnlmhlpldsltlgsnvqktmqlnqlqqqwslvtelrciwiningvlvskgvgrvlicltssldqlldkilrpnqhddlvkqvikdlinfynkqavgslstlqskailqllkvvytfrridQIassfDLRnfaegltcyghrektsekhvyiwkeryfshaatdtgfhekkrkkaayecennfieeegnnliishnityqgnesqleqscsdcrkwgdetkiwswgpsrwdqglfp					4	D	19	6	0.3157894736842105	8.061911575364471	0.0041258380608561115
DECOY_G3HAM6	I79_007481	Cricetulus griseus	Uncharacterized actin family protein C20orf134-like	43978.310473187805	1	VLFPGYEEYMARTMWR		1	1	0.0397	mdfvkrVLFPGYEEYMARTMWRcqfsqlsammsggtwvatgrgpqavlclklaphglrqclaelelnmrevfgpfltsggalvvtnalrarlkipikqlaqfaltplgpephdllspqflpepcrfresglhvccgnslcfcarrhrapncidgqfdlsvyccrkklhtvtkrplaqpqldpstamlldrfyrslssgavnlrftakqwshgayiptahcvgagaevalgsfagtsclallatsamhcapvtlaeflleaakergeppaspsdsvlvpwqephvqlggvmlrewlgemadwdvvvghkipharavggalecgpaeplvprdwspmlsssklmirpqiegafgaktfgsgqnvspkkrklhsffqkhrakdmdppgdksaqspakirkhsssng	mdfvkrVLFPGYEEYMARTMWRcqfsqlsammsggtwvatgrgpqavlclklaphglrqclaelelnmrevfgpfltsggalvvtnalrarlkipikqlaqfaltplgpephdllspqflpepcrfresglhvccgnslcfcarrhrapncidgqfdlsvyccrkklhtvtkrplaqpqldpstamlldrfyrslssgavnlrftakqwshgayiptahcvgagaevalgsfagtsclallatsamhcapvtlaeflleaakergeppaspsdsvlvpwqephvqlggvmlrewlgemadwdvvvghkipharavggalecgpaeplvprdwspmlsssklmirpqiegafgaktfgsgqnvspkkrklhsffqkhrakdmdppgdksaqspakirkhsssng	mdfvkrvlFpgyeeYmaRtmwrcqfsqlsammsggtwvatgrgpqavlclklaphglrqclaelelnmrevfgpfltsggalvvtnalrarlkipikqlaqfaltplgpephdllspqflpepcrfresglhvccgnslcfcarrhrapncidgqfdlsvyccrkklhtvtkrplaqpqldpstamlldrfyrslssgavnlrftakqwshgayiptahcvgagaevalgsfagtsclallatsamhcapvtlaeflleaakergeppaspsdsvlvpwqephvqlggvmlrewlgemadwdvvvghkipharavggalecgpaeplvprdwspmlsssklmirpqiegafgaktfgsgqnvspkkrklhsffqkhrakdmdppgdksaqspakirkhsssng					1	D	19	7	0.3333333333333333	8.060828744008525	0.004382572828048466
G3H4Z1	I79_005355	Cricetulus griseus	Nesprin-2	191558.43974503884	1	LKQMVHEGNQRWDNLQK		1	1	0.0102	masgidelfqkksnvtsqvyqlrasvqsvlqewkaydklydeanvmtiqlaysmehskpvvlsmealdcqvqnlqalqdegeskegsweklhevvgrlkdscpsiaaimeekcqdvhsrwtrvnqdladqlqeargqlplwkashsahteatawlqqqeakfqqlaninmsgnnladilplalqdlkelqhdvlktkeaclenstlldqlpppadpstpglhsgqlhslqtaaylekmllaksnefeivlaqfkdfgdrlaylkdlimheeenlnklyheekeevpgsflnhvlaltaqspdierlneesirlplsditiktlqnvnrqwiratataldhcrklqgnglnenfllycenwiqllekieetltmtvahslpalleqqktyemleaevsvnqtvadayvaqslqlldttetekrpefvsevsklsdqwqnaargvqqrkcdidrlvtqwqffttsvedllrfltdtghllsaakeqdcyslyqtrrlihelknkvihvqrwrttyelaleageklrdtpnpetkefidrqvsklqdtwkdtelslgemisqlqntaetwdhcekkikelksglqvlntqsrtplpelhkdlhrekeltkevekslanwthnlkelqtmkadlsrrilaedvtvlkeqiellhrqwedlclrvairkqeiedrlnswivfneknkelcawlvqmenkvlqtadisieemidklqkdcmeeislfsenklqlkqmgdqlikasskakaaemedklskindrwqhlfdvigsrvkklketfafiqqldknmsnlrtwlarieselskpvvydvcddqeiqkrlaeqqdlqrdieqhsagvesvfnicdvllhdsdacanetecdsiqqttrsldrrwrnicamsmerrmkieetwrlwqkflddysrfedwlksaertaacpnssevlytnakeelkrfeafqrqiherltqlelinkqyrrlarenrtdtaskLKQMVHEGNQRWDNLQKrvtailrrlryftnqreefegtresilvwltemdlqltnvehfsesdaedkmrqlngfqqeitlntnkidqlivfgeqliqksepldavliedeleelhrycqevfgrvsrfhrrltshapsledekeasetetdiedpreiqadswrkrremeesscpqslchlvppghersgcetpvsvdsiplewdhtgdvggsssheddeegpfysalsdveipenpeaylkmttkslkassgksiseshpwhvpenpshpkhhykamegdgtvtpvpsdastpykpayvklllhqgtddgkegprgskgssqqedeqldtltgqqpgafdrweliqaqelhgklrikgnvqqlnsdignitawlekteaelealrlaeppsdiqeialrvkrlqeilkafdtyktlmvsvnvshreslpsespestelqnrlhqlslswdtvqgemdswrrdlrqslmqcqdfhqlshnlllwlasvesrrqkalvtspeadrqallecqkelmqlgkeledhqpqvsslqeiassllikghgedyieaeekvhvigkklkqlreqvaqdlmsfqgslnpdpsldsfdevdsglpppaasapvsyakfgaerstkeeeaadsrmshlygpgssqprrsflsrviraalplqlllllllllacllpaseedysctqannfarsfypmlrytngpppt	masgidelfqkksnvtsqvyqlrasvqsvlqewkaydklydeanvmtiqlaysmehskpvvlsmealdcqvqnlqalqdegeskegsweklhevvgrlkdscpsiaaimeekcqdvhsrwtrvnqdladqlqeargqlplwkashsahteatawlqqqeakfqqlaninmsgnnladilplalqdlkelqhdvlktkeaclenstlldqlpppadpstpglhsgqlhslqtaaylekmllaksnefeivlaqfkdfgdrlaylkdlimheeenlnklyheekeevpgsflnhvlaltaqspdierlneesirlplsditiktlqnvnrqwiratataldhcrklqgnglnenfllycenwiqllekieetltmtvahslpalleqqktyemleaevsvnqtvadayvaqslqlldttetekrpefvsevsklsdqwqnaargvqqrkcdidrlvtqwqffttsvedllrfltdtghllsaakeqdcyslyqtrrlihelknkvihvqrwrttyelaleageklrdtpnpetkefidrqvsklqdtwkdtelslgemisqlqntaetwdhcekkikelksglqvlntqsrtplpelhkdlhrekeltkevekslanwthnlkelqtmkadlsrrilaedvtvlkeqiellhrqwedlclrvairkqeiedrlnswivfneknkelcawlvqmenkvlqtadisieemidklqkdcmeeislfsenklqlkqmgdqlikasskakaaemedklskindrwqhlfdvigsrvkklketfafiqqldknmsnlrtwlarieselskpvvydvcddqeiqkrlaeqqdlqrdieqhsagvesvfnicdvllhdsdacanetecdsiqqttrsldrrwrnicamsmerrmkieetwrlwqkflddysrfedwlksaertaacpnssevlytnakeelkrfeafqrqiherltqlelinkqyrrlarenrtdtaskLKQMVHEGNQRWDNLQKrvtailrrlryftnqreefegtresilvwltemdlqltnvehfsesdaedkmrqlngfqqeitlntnkidqlivfgeqliqksepldavliedeleelhrycqevfgrvsrfhrrltshapsledekeasetetdiedpreiqadswrkrremeesscpqslchlvppghersgcetpvsvdsiplewdhtgdvggsssheddeegpfysalsdveipenpeaylkmttkslkassgksiseshpwhvpenpshpkhhykamegdgtvtpvpsdastpykpayvklllhqgtddgkegprgskgssqqedeqldtltgqqpgafdrweliqaqelhgklrikgnvqqlnsdignitawlekteaelealrlaeppsdiqeialrvkrlqeilkafdtyktlmvsvnvshreslpsespestelqnrlhqlslswdtvqgemdswrrdlrqslmqcqdfhqlshnlllwlasvesrrqkalvtspeadrqallecqkelmqlgkeledhqpqvsslqeiassllikghgedyieaeekvhvigkklkqlreqvaqdlmsfqgslnpdpsldsfdevdsglpppaasapvsyakfgaerstkeeeaadsrmshlygpgssqprrsflsrviraalplqlllllllllacllpaseedysctqannfarsfypmlrytngpppt	masgidelfqkksnvtsqvyqlrasvqsvlqewkaydklydeanvmtiqlaysmehskpvvlsmealdcqvqnlqalqdegeskegsweklhevvgrlkdscpsiaaimeekcqdvhsrwtrvnqdladqlqeargqlplwkashsahteatawlqqqeakfqqlaninmsgnnladilplalqdlkelqhdvlktkeaclenstlldqlpppadpstpglhsgqlhslqtaaylekmllaksnefeivlaqfkdfgdrlaylkdlimheeenlnklyheekeevpgsflnhvlaltaqspdierlneesirlplsditiktlqnvnrqwiratataldhcrklqgnglnenfllycenwiqllekieetltmtvahslpalleqqktyemleaevsvnqtvadayvaqslqlldttetekrpefvsevsklsdqwqnaargvqqrkcdidrlvtqwqffttsvedllrfltdtghllsaakeqdcyslyqtrrlihelknkvihvqrwrttyelaleageklrdtpnpetkefidrqvsklqdtwkdtelslgemisqlqntaetwdhcekkikelksglqvlntqsrtplpelhkdlhrekeltkevekslanwthnlkelqtmkadlsrrilaedvtvlkeqiellhrqwedlclrvairkqeiedrlnswivfneknkelcawlvqmenkvlqtadisieemidklqkdcmeeislfsenklqlkqmgdqlikasskakaaemedklskindrwqhlfdvigsrvkklketfafiqqldknmsnlrtwlarieselskpvvydvcddqeiqkrlaeqqdlqrdieqhsagvesvfnicdvllhdsdacanetecdsiqqttrsldrrwrnicamsmerrmkieetwrlwqkflddysrfedwlksaertaacpnssevlytnakeelkrfeafqrqiherltqlelinkqyrrlarenrtdtasklkQMvhegnqrwdnlqKrvtailrrlryftnqreefegtresilvwltemdlqltnvehfsesdaedkmrqlngfqqeitlntnkidqlivfgeqliqksepldavliedeleelhrycqevfgrvsrfhrrltshapsledekeasetetdiedpreiqadswrkrremeesscpqslchlvppghersgcetpvsvdsiplewdhtgdvggsssheddeegpfysalsdveipenpeaylkmttkslkassgksiseshpwhvpenpshpkhhykamegdgtvtpvpsdastpykpayvklllhqgtddgkegprgskgssqqedeqldtltgqqpgafdrweliqaqelhgklrikgnvqqlnsdignitawlekteaelealrlaeppsdiqeialrvkrlqeilkafdtyktlmvsvnvshreslpsespestelqnrlhqlslswdtvqgemdswrrdlrqslmqcqdfhqlshnlllwlasvesrrqkalvtspeadrqallecqkelmqlgkeledhqpqvsslqeiassllikghgedyieaeekvhvigkklkqlreqvaqdlmsfqgslnpdpsldsfdevdsglpppaasapvsyakfgaerstkeeeaadsrmshlygpgssqprrsflsrviraalplqlllllllllacllpaseedysctqannfarsfypmlrytngpppt		1583832.130208335			1	T	20	7	0.3333333333333333	8.052868731169976	0.005151983513652756
G3HYD8	I79_016063	Cricetulus griseus	Arf-GAP with Rho-GAP domain, ANK repeat and PH domain-containing protein 3	23389.477547043025	1	FSTMPLLPIRGDDSGATLLSANQTLPMK		1	1	0.13023	mwdwttsilkaqhddqqsvvlrrhsssdlarqkFSTMPLLPIRGDDSGATLLSANQTLPMKspqgsveeqdeleepvyeepvyeevgafpeltkdtaafsstwewtaksktplashrsfdqtpvskasqeektpdyspgppsksgpqargsleeqllqelnnlilrkgepatcpespsqptspqapsatsistqapslptqtpntsnlassqplt	mwdwttsilkaqhddqqsvvlrrhsssdlarqkFSTMPLLPIRGDDSGATLLSANQTLPMKspqgsveeqdeleepvyeepvyeevgafpeltkdtaafsstwewtaksktplashrsfdqtpvskasqeektpdyspgppsksgpqargsleeqllqelnnlilrkgepatcpespsqptspqapsatsistqapslptqtpntsnlassqplt	mwdwttsilkaqhddqqsvvlrrhsssdlarqkfstmpllpirgddsgatLLsaNQtlpmKspqgsveeqdeleepvyeepvyeevgafpeltkdtaafsstwewtaksktplashrsfdqtpvskasqeektpdyspgppsksgpqargsleeqllqelnnlilrkgepatcpespsqptspqapsatsistqapslptqtpntsnlassqplt		133349366.33333342			2	T	21	7	0.3333333333333333	8.04994430055518	0.005151983513652756
DECOY_G3I9C9	I79_020166	Cricetulus griseus	Arginine-glutamic acid dipeptide repeats protein	160919.76320400625	1	GGVSPLFVWQTQRQGLGCIGPSDGK		1	1	0.01697	mlqkdgekklrsyydeqsplhgghmhphghlwqqemalrqleasqahmaqlqhaasmpppiagpldrpyptgalclvreafvphrlmehehppqgllpnpltgppypfralhpgatlpdvlphvpgassesrpdqlllgtreisgwrksesggwsclrGGVSPLFVWQTQRQGLGCIGPSDGKlvasqramlefgtsvsggglsvvprklkrpyglvnfmqlralpdgtlsamreahireaalrdpysmeprlqpgalalrerelpnlgphfsafphpgaappitlashrafhempntaphlpdleppkvefgpkmrlreereriererierlreereritpdvnylgpmhyallpdtpnlpmyfphnrntpsmvhprayesltrlaptdpgiyppvaaittpppefsprmhgpgslqpdslrgehasssakaareaerererererekekekerereerqkeeaarkakeiaeerkkalksgalpmfyldtracsnygrdlhkyfrasqsahsptdvitpepspsrpppppsepeeaedlaeekiqvaplpcspagpvsggssvaapcppqssaspgapptstspcapptipppggpvfthqpfpsqspvqhlgtpphssappplnqsqtlgppqapssplpqsqpmlqlppphaspphhtslsslpklapppplnanmsfpspgslhpphkhaqpaplqpipttpppkihpmalpapplpqerppqqpqlasqsaplqitshphaapssglpgqgqsaqpplgfpqppgphqllsgaqlshpgppgqghlspqthpqtsnqsppatlpqlpphpsplrpphlspaqqihthaaavapqtqnppqstapsgqppvatasptpgptslqpagppaspasaagspaqlsppqaqltqqqassdsdsendqpspispstsrndqdidkpdssgednvsrsdssegegespsnprsieqtktkksttrdpeetdsavkerqrktsklpsaaeekakkaskkvteaksdnsstsaaspsnrgssridenipsargdpsapqkkrgsrltsmsgrsrrtrmshkgslgddeekvpkfmfpppdvpkeipplegykkfhircdtcllinergghhwdkstttfchrcppgkleqesdesdfddesassldlfesspprsptnvptsatrtkirrfvaqrrhrrharssaaeptkkwyyyftilegteknpllekrirffnkgyqrlgkvfrkvedetwckeilkpvpkkvlrqlakgadyssehltnlanlttddrsaavcgdetsggdcmgafaamsraarlymlldcdsvgpmwvleehptvtdgdpspfpqldplkaqhspgvriegqtsnlrrtepnygliyffsdvrakferaafidsfhsinckgrlaaahytdvydsiflernkivpdtivlergsdnenhrdqvlhqyvsdpvesqryywkvnmllhdrkspvstcvdpvflvalsdsscf	mlqkdgekklrsyydeqsplhgghmhphghlwqqemalrqleasqahmaqlqhaasmpppiagpldrpyptgalclvreafvphrlmehehppqgllpnpltgppypfralhpgatlpdvlphvpgassesrpdqlllgtreisgwrksesggwsclrGGVSPLFVWQTQRQGLGCIGPSDGKlvasqramlefgtsvsggglsvvprklkrpyglvnfmqlralpdgtlsamreahireaalrdpysmeprlqpgalalrerelpnlgphfsafphpgaappitlashrafhempntaphlpdleppkvefgpkmrlreereriererierlreereritpdvnylgpmhyallpdtpnlpmyfphnrntpsmvhprayesltrlaptdpgiyppvaaittpppefsprmhgpgslqpdslrgehasssakaareaerererererekekekerereerqkeeaarkakeiaeerkkalksgalpmfyldtracsnygrdlhkyfrasqsahsptdvitpepspsrpppppsepeeaedlaeekiqvaplpcspagpvsggssvaapcppqssaspgapptstspcapptipppggpvfthqpfpsqspvqhlgtpphssappplnqsqtlgppqapssplpqsqpmlqlppphaspphhtslsslpklapppplnanmsfpspgslhpphkhaqpaplqpipttpppkihpmalpapplpqerppqqpqlasqsaplqitshphaapssglpgqgqsaqpplgfpqppgphqllsgaqlshpgppgqghlspqthpqtsnqsppatlpqlpphpsplrpphlspaqqihthaaavapqtqnppqstapsgqppvatasptpgptslqpagppaspasaagspaqlsppqaqltqqqassdsdsendqpspispstsrndqdidkpdssgednvsrsdssegegespsnprsieqtktkksttrdpeetdsavkerqrktsklpsaaeekakkaskkvteaksdnsstsaaspsnrgssridenipsargdpsapqkkrgsrltsmsgrsrrtrmshkgslgddeekvpkfmfpppdvpkeipplegykkfhircdtcllinergghhwdkstttfchrcppgkleqesdesdfddesassldlfesspprsptnvptsatrtkirrfvaqrrhrrharssaaeptkkwyyyftilegteknpllekrirffnkgyqrlgkvfrkvedetwckeilkpvpkkvlrqlakgadyssehltnlanlttddrsaavcgdetsggdcmgafaamsraarlymlldcdsvgpmwvleehptvtdgdpspfpqldplkaqhspgvriegqtsnlrrtepnygliyffsdvrakferaafidsfhsinckgrlaaahytdvydsiflernkivpdtivlergsdnenhrdqvlhqyvsdpvesqryywkvnmllhdrkspvstcvdpvflvalsdsscf	mlqkdgekklrsyydeqsplhgghmhphghlwqqemalrqleasqahmaqlqhaasmpppiagpldrpyptgalclvreafvphrlmehehppqgllpnpltgppypfralhpgatlpdvlphvpgassesrpdqlllgtreisgwrksesggwsclrggvsplfvwqTqrqglgcigpsdgklvasqramlefgtsvsggglsvvprklkrpyglvnfmqlralpdgtlsamreahireaalrdpysmeprlqpgalalrerelpnlgphfsafphpgaappitlashrafhempntaphlpdleppkvefgpkmrlreereriererierlreereritpdvnylgpmhyallpdtpnlpmyfphnrntpsmvhprayesltrlaptdpgiyppvaaittpppefsprmhgpgslqpdslrgehasssakaareaerererererekekekerereerqkeeaarkakeiaeerkkalksgalpmfyldtracsnygrdlhkyfrasqsahsptdvitpepspsrpppppsepeeaedlaeekiqvaplpcspagpvsggssvaapcppqssaspgapptstspcapptipppggpvfthqpfpsqspvqhlgtpphssappplnqsqtlgppqapssplpqsqpmlqlppphaspphhtslsslpklapppplnanmsfpspgslhpphkhaqpaplqpipttpppkihpmalpapplpqerppqqpqlasqsaplqitshphaapssglpgqgqsaqpplgfpqppgphqllsgaqlshpgppgqghlspqthpqtsnqsppatlpqlpphpsplrpphlspaqqihthaaavapqtqnppqstapsgqppvatasptpgptslqpagppaspasaagspaqlsppqaqltqqqassdsdsendqpspispstsrndqdidkpdssgednvsrsdssegegespsnprsieqtktkksttrdpeetdsavkerqrktsklpsaaeekakkaskkvteaksdnsstsaaspsnrgssridenipsargdpsapqkkrgsrltsmsgrsrrtrmshkgslgddeekvpkfmfpppdvpkeipplegykkfhircdtcllinergghhwdkstttfchrcppgkleqesdesdfddesassldlfesspprsptnvptsatrtkirrfvaqrrhrrharssaaeptkkwyyyftilegteknpllekrirffnkgyqrlgkvfrkvedetwckeilkpvpkkvlrqlakgadyssehltnlanlttddrsaavcgdetsggdcmgafaamsraarlymlldcdsvgpmwvleehptvtdgdpspfpqldplkaqhspgvriegqtsnlrrtepnygliyffsdvrakferaafidsfhsinckgrlaaahytdvydsiflernkivpdtivlergsdnenhrdqvlhqyvsdpvesqryywkvnmllhdrkspvstcvdpvflvalsdsscf					1	D	21	8	0.34782608695652173	8.049792689651662	0.005405405405405406
G3GRA0	Lbr	Cricetulus griseus	Delta(14)-sterol reductase LBR	70384.14111341529	1	VILSPEGSFIATQYSLR		1	1	0.02746	mpsrkfaegevvrgrwpgsslyyeveilsydnksqlytvkykdgtelelkesdvkplksfkqrkggstssspsrrrssrsrsrsrspgrapkgsrrsasashqadikeketrreilqvkltplvlkpfgnsinvyngepehtekndisrknkqekVILSPEGSFIATQYSLRprreevtvkeieskeqkrlpkvpapletfqvttpqrkslefggvpgaslimlglpaclfllllqcrqkdpsllsfppplpalgelwearvcgiyllwffiqalfyllpigkvvegtplvdgrrlkyrlngfnafvltsaivgtslfwgielcyvythflqfalaatvfsvvlsvylyarslkaprdelspassgnavydffigrelnprigvfdlkyfcelrpgligwvvvnlvmllaemkvqergtpslamvlvnsfqllyvvdalwneeallttmdiihdgfgfmlafgdlvwvpftyslqafylvshphdlswplasviialklcgyvifrcansqknafrknptdpklahlktihtstgksllvsgwwgfvrhpnylgdlimalawslpcgfnhllpyfyviyftallvhreardehqckrkyglawekycqrvpyrilpyvy	mpsrkfaegevvrgrwpgsslyyeveilsydnksqlytvkykdgtelelkesdvkplksfkqrkggstssspsrrrssrsrsrsrspgrapkgsrrsasashqadikeketrreilqvkltplvlkpfgnsinvyngepehtekndisrknkqekVILSPEGSFIATQYSLRprreevtvkeieskeqkrlpkvpapletfqvttpqrkslefggvpgaslimlglpaclfllllqcrqkdpsllsfppplpalgelwearvcgiyllwffiqalfyllpigkvvegtplvdgrrlkyrlngfnafvltsaivgtslfwgielcyvythflqfalaatvfsvvlsvylyarslkaprdelspassgnavydffigrelnprigvfdlkyfcelrpgligwvvvnlvmllaemkvqergtpslamvlvnsfqllyvvdalwneeallttmdiihdgfgfmlafgdlvwvpftyslqafylvshphdlswplasviialklcgyvifrcansqknafrknptdpklahlktihtstgksllvsgwwgfvrhpnylgdlimalawslpcgfnhllpyfyviyftallvhreardehqckrkyglawekycqrvpyrilpyvy	mpsrkfaegevvrgrwpgsslyyeveilsydnksqlytvkykdgtelelkesdvkplksfkqrkggstssspsrrrssrsrsrsrspgrapkgsrrsasashqadikeketrreilqvkltplvlkpfgnsinvyngepehtekndisrknkqekvilspegSfiatqySLRprreevtvkeieskeqkrlpkvpapletfqvttpqrkslefggvpgaslimlglpaclfllllqcrqkdpsllsfppplpalgelwearvcgiyllwffiqalfyllpigkvvegtplvdgrrlkyrlngfnafvltsaivgtslfwgielcyvythflqfalaatvfsvvlsvylyarslkaprdelspassgnavydffigrelnprigvfdlkyfcelrpgligwvvvnlvmllaemkvqergtpslamvlvnsfqllyvvdalwneeallttmdiihdgfgfmlafgdlvwvpftyslqafylvshphdlswplasviialklcgyvifrcansqknafrknptdpklahlktihtstgksllvsgwwgfvrhpnylgdlimalawslpcgfnhllpyfyviyftallvhreardehqckrkyglawekycqrvpyrilpyvy				1059752304.0000031	1	T	22	8	0.34782608695652173	8.043938938527383	0.005405405405405406
G3GUG7	I79_001326	Cricetulus griseus	Protein DEK	35154.418610265035	1	QVSSLQREPFTIAQGKGQK		1	1	0.06149	mQVSSLQREPFTIAQGKGQKlceierihfflskkktdelrnlhkllynrpgtvsslkknvgqfsgfpfekgstqykkkeemlkkfrnamlksicevldlersgvnselvkrilnflmhpkpsgkplpkskkssskgskkernssgttrkskqtkcpeilsdesssdedekknkeessedeekeseeeqppkktskkekakqkaaakskksvksanvkkadssttkknqnsskkesesedssddeplikklkkpptdeelketvkkllananleevtmkqickevyenypaydlterkdfikttvkelis	mQVSSLQREPFTIAQGKGQKlceierihfflskkktdelrnlhkllynrpgtvsslkknvgqfsgfpfekgstqykkkeemlkkfrnamlksicevldlersgvnselvkrilnflmhpkpsgkplpkskkssskgskkernssgttrkskqtkcpeilsdesssdedekknkeessedeekeseeeqppkktskkekakqkaaakskksvksanvkkadssttkknqnsskkesesedssddeplikklkkpptdeelketvkkllananleevtmkqickevyenypaydlterkdfikttvkelis	mQvsslqrepftiaqgkgqKlceierihfflskkktdelrnlhkllynrpgtvsslkknvgqfsgfpfekgstqykkkeemlkkfrnamlksicevldlersgvnselvkrilnflmhpkpsgkplpkskkssskgskkernssgttrkskqtkcpeilsdesssdedekknkeessedeekeseeeqppkktskkekakqkaaakskksvksanvkkadssttkknqnsskkesesedssddeplikklkkpptdeelketvkkllananleevtmkqickevyenypaydlterkdfikttvkelis			72192074.6666667		1	T	23	8	0.34782608695652173	8.043108148253673	0.005405405405405406
DECOY_G3GWL0	I79_002137	Cricetulus griseus	Uncharacterized protein	5692.949980249635	1	MHLIDTIQAFHQLPVSVYCPSGQEK		1	1	0.48077	MHLIDTIQAFHQLPVSVYCPSGQEKgdlysdlrtillfgfglvsvvgvslck	MHLIDTIQAFHQLPVSVYCPSGQEKgdlysdlrtillfgfglvsvvgvslck	mhlidtiqafhqLPVsvycpsgqekgdlysdlrtillfgfglvsvvgvslck					1	D	23	9	0.391304347826087	8.042327490383183	0.005662805662805663
DECOY_G3GVV1	I79_001854	Cricetulus griseus	Uncharacterized protein C20orf26-like	131210.38297047061	1	VPQMSIKYPLMLPTDQIK		1	1	0.01578	miigpwaymplhyqnyhlydltskellnkyisqefvrqlykqpkenmnieedevkyalqemspmdteqksnliqrlekrldifrdhflamcwpetfysyldpilneyyrtclnnlaqehqgflriynsvpfpekslctisevlkyrniylrfytgdrvngtmvesgrwpphsafvarVPQMSIKYPLMLPTDQIKagkympilrdldappetvpeltpdflslmaaalqfgiekssfnshtwdnsyyrnsfktlsgaariaidnthfttdivlrgdyvlcadnfakfteydvnkkyfsffvscelrfpktsttfsashipdpdegdnwqallsdqyitvgatkmaeeiaseieynnvctinsdtpphvlyigngkmgfhlltevttyvditngyvivkgetlisnnrmwilarlcdeedtliflnypvkgtyrqksnelverntlhqdmnagtpcpvqyqqgtclilhdyfvtenysvvvhkaardigtmrgvvvnvwsclsmlaydkdnfchcfvltelfsigvssagvvviranvtvkpeltlkrnthylaysaqdksvekspaniglkelpyviqrrprvpvlyhlastlshaysnqlkgersqpyvpyylcskfglrlieklffktyhrfipnlafhhlrgheeqqhhsfyifdeinyhsriyeidmeqrivaigviqnaveavfvqlatgdpdrcaenfqilddmikrsllltgvlnevgtidlitalrikisrllgarhfvyldheltcnncpvvkvfnqilvfeptlhpvsilcynkdraeykedicflqicfaaseglyiprflspeesflfsplssessslspeedgmnslvsfkqeidqieaaeplelsaneeseetekqssqsdskietdqseqispekspeliddphpfcfghfpgldfcehllalnvhscvsmfgvakgevecvvahneedqaeilealfyegymeklttdnhlfipmlddhdevrakrihlqpyhdhrhciyvafdedytlcpingvqsfvttlpsglsvytpvilfifhlepvtkfvtriverlcgtayedvavffhmfltnlptcpiesdlerflsvwndqnavnwnpydlfiahamieekdncltvalnakerlkpvvrtkegkekgrrgkreq	miigpwaymplhyqnyhlydltskellnkyisqefvrqlykqpkenmnieedevkyalqemspmdteqksnliqrlekrldifrdhflamcwpetfysyldpilneyyrtclnnlaqehqgflriynsvpfpekslctisevlkyrniylrfytgdrvngtmvesgrwpphsafvarVPQMSIKYPLMLPTDQIKagkympilrdldappetvpeltpdflslmaaalqfgiekssfnshtwdnsyyrnsfktlsgaariaidnthfttdivlrgdyvlcadnfakfteydvnkkyfsffvscelrfpktsttfsashipdpdegdnwqallsdqyitvgatkmaeeiaseieynnvctinsdtpphvlyigngkmgfhlltevttyvditngyvivkgetlisnnrmwilarlcdeedtliflnypvkgtyrqksnelverntlhqdmnagtpcpvqyqqgtclilhdyfvtenysvvvhkaardigtmrgvvvnvwsclsmlaydkdnfchcfvltelfsigvssagvvviranvtvkpeltlkrnthylaysaqdksvekspaniglkelpyviqrrprvpvlyhlastlshaysnqlkgersqpyvpyylcskfglrlieklffktyhrfipnlafhhlrgheeqqhhsfyifdeinyhsriyeidmeqrivaigviqnaveavfvqlatgdpdrcaenfqilddmikrsllltgvlnevgtidlitalrikisrllgarhfvyldheltcnncpvvkvfnqilvfeptlhpvsilcynkdraeykedicflqicfaaseglyiprflspeesflfsplssessslspeedgmnslvsfkqeidqieaaeplelsaneeseetekqssqsdskietdqseqispekspeliddphpfcfghfpgldfcehllalnvhscvsmfgvakgevecvvahneedqaeilealfyegymeklttdnhlfipmlddhdevrakrihlqpyhdhrhciyvafdedytlcpingvqsfvttlpsglsvytpvilfifhlepvtkfvtriverlcgtayedvavffhmfltnlptcpiesdlerflsvwndqnavnwnpydlfiahamieekdncltvalnakerlkpvvrtkegkekgrrgkreq	miigpwaymplhyqnyhlydltskellnkyisqefvrqlykqpkenmnieedevkyalqemspmdteqksnliqrlekrldifrdhflamcwpetfysyldpilneyyrtclnnlaqehqgflriynsvpfpekslctisevlkyrniylrfytgdrvngtmvesgrwpphsafvarvpQmsikyplmlptdQIKagkympilrdldappetvpeltpdflslmaaalqfgiekssfnshtwdnsyyrnsfktlsgaariaidnthfttdivlrgdyvlcadnfakfteydvnkkyfsffvscelrfpktsttfsashipdpdegdnwqallsdqyitvgatkmaeeiaseieynnvctinsdtpphvlyigngkmgfhlltevttyvditngyvivkgetlisnnrmwilarlcdeedtliflnypvkgtyrqksnelverntlhqdmnagtpcpvqyqqgtclilhdyfvtenysvvvhkaardigtmrgvvvnvwsclsmlaydkdnfchcfvltelfsigvssagvvviranvtvkpeltlkrnthylaysaqdksvekspaniglkelpyviqrrprvpvlyhlastlshaysnqlkgersqpyvpyylcskfglrlieklffktyhrfipnlafhhlrgheeqqhhsfyifdeinyhsriyeidmeqrivaigviqnaveavfvqlatgdpdrcaenfqilddmikrsllltgvlnevgtidlitalrikisrllgarhfvyldheltcnncpvvkvfnqilvfeptlhpvsilcynkdraeykedicflqicfaaseglyiprflspeesflfsplssessslspeedgmnslvsfkqeidqieaaeplelsaneeseetekqssqsdskietdqseqispekspeliddphpfcfghfpgldfcehllalnvhscvsmfgvakgevecvvahneedqaeilealfyegymeklttdnhlfipmlddhdevrakrihlqpyhdhrhciyvafdedytlcpingvqsfvttlpsglsvytpvilfifhlepvtkfvtriverlcgtayedvavffhmfltnlptcpiesdlerflsvwndqnavnwnpydlfiahamieekdncltvalnakerlkpvvrtkegkekgrrgkreq					10	D	23	10	0.43478260869565216	8.042084112509936	0.005920205920205921
DECOY_G3I5Y2	I79_018893	Cricetulus griseus	Small ribosomal subunit protein uS9	17460.528797851053	1	SIPEDTPNRTQLVPELVESNKSECR		1	1	0.16234	mlglinivfnvsirSIPEDTPNRTQLVPELVESNKSECRrpdavlltrdyqilidkiekksaedvykqyyavlakcisqriayiqavhgggkvrvpievgairekglllvpellkyqltrpqimelprgnvkilanatrwpwghgdkpmaavrr	mlglinivfnvsirSIPEDTPNRTQLVPELVESNKSECRrpdavlltrdyqilidkiekksaedvykqyyavlakcisqriayiqavhgggkvrvpievgairekglllvpellkyqltrpqimelprgnvkilanatrwpwghgdkpmaavrr	mlglinivfnvsirsiPEdtpnrtqlVpelvesnksecrrpdavlltrdyqilidkiekksaedvykqyyavlakcisqriayiqavhgggkvrvpievgairekglllvpellkyqltrpqimelprgnvkilanatrwpwghgdkpmaavrr					1	D	23	11	0.4583333333333333	8.04206533399819	0.0061744275791098535
G3HGY6	Chrna4	Cricetulus griseus	Cholinergic receptor, nicotinic, alpha polypeptide 4	70394.3671102381	1	APPQHLPLSPALTR		1	1	0.02233	melwgprapppllplllllgvgllpasshietrahaeerllkrlfsgynkwsrpvanisdvvlvrfglsiaqlidvdeknqmmttnvwvkqewhdyklrwdpgdyenvtsiripseliwrpdivlynnadgdfavthltkahlfydgrvqwtppaiyksscsidvtffpfdqqnctmkfgswtydkakidlvsmhsrvdqldfwesgewvivdavgtyntrkyeccaeiypdityafiirrlplfytinliipclliscltvlvfylpsecgekvtlcisvllsltvfllliteiipstslvipligeyllftmifvtlsivitvfvlnvhhrsprthtmpawvrrvfldivprllfmkrpsvvkdncrrliesmhkmasaprfwpepegepgilsdirnqglspapsfcnplnttveaqptckspshkapdlkasevektspcpspgpchspnstrvpvlvkarslsvqhmpssqetaeggvrcrsrsiqycvsrngavspsdsqptgspasqkahpsqlllpdqtspckctckepspvspvtvlkargtkAPPQHLPLSPALTRavegvqyiadhlkaedtdfsvkedwkyvamvidriflwmfiivcllgtvglflppwlagmi	melwgprapppllplllllgvgllpasshietrahaeerllkrlfsgynkwsrpvanisdvvlvrfglsiaqlidvdeknqmmttnvwvkqewhdyklrwdpgdyenvtsiripseliwrpdivlynnadgdfavthltkahlfydgrvqwtppaiyksscsidvtffpfdqqnctmkfgswtydkakidlvsmhsrvdqldfwesgewvivdavgtyntrkyeccaeiypdityafiirrlplfytinliipclliscltvlvfylpsecgekvtlcisvllsltvfllliteiipstslvipligeyllftmifvtlsivitvfvlnvhhrsprthtmpawvrrvfldivprllfmkrpsvvkdncrrliesmhkmasaprfwpepegepgilsdirnqglspapsfcnplnttveaqptckspshkapdlkasevektspcpspgpchspnstrvpvlvkarslsvqhmpssqetaeggvrcrsrsiqycvsrngavspsdsqptgspasqkahpsqlllpdqtspckctckepspvspvtvlkargtkAPPQHLPLSPALTRavegvqyiadhlkaedtdfsvkedwkyvamvidriflwmfiivcllgtvglflppwlagmi	melwgprapppllplllllgvgllpasshietrahaeerllkrlfsgynkwsrpvanisdvvlvrfglsiaqlidvdeknqmmttnvwvkqewhdyklrwdpgdyenvtsiripseliwrpdivlynnadgdfavthltkahlfydgrvqwtppaiyksscsidvtffpfdqqnctmkfgswtydkakidlvsmhsrvdqldfwesgewvivdavgtyntrkyeccaeiypdityafiirrlplfytinliipclliscltvlvfylpsecgekvtlcisvllsltvfllliteiipstslvipligeyllftmifvtlsivitvfvlnvhhrsprthtmpawvrrvfldivprllfmkrpsvvkdncrrliesmhkmasaprfwpepegepgilsdirnqglspapsfcnplnttveaqptckspshkapdlkasevektspcpspgpchspnstrvpvlvkarslsvqhmpssqetaeggvrcrsrsiqycvsrngavspsdsqptgspasqkahpsqlllpdqtspckctckepspvspvtvlkargtkapPqhlplspaLtravegvqyiadhlkaedtdfsvkedwkyvamvidriflwmfiivcllgtvglflppwlagmi		10899029.249999985			1	T	24	11	0.4583333333333333	8.042032879407	0.0061744275791098535
DECOY_G3HG87	Glmp	Cricetulus griseus	Glycosylated lysosomal membrane protein	43393.736279860874	1	MNISQYESYQKHR		1	1	0.03226	MNISQYESYQKHRlllflgggllmlgptglavamiglvlpsladvppfgmgllmswslyhqdwygpgtpagftlnfaclnqsgffaqvvpssplsyaltphlssaqcpvasernrqkqsfavprwqmfgspssgwllqnvqfvapayeddishlekvspcdpgtgvtavelgfvshngrpsagdlsvevqcsdathllrppqasrgsgsfaqvkfalsgnafagtpedvphgqfiasltaldlsntinnwsfealsyppypkgspqtagksvktsdfellrtfvlassfqisdkplvmlggypdpsmllswnvslasqttntavlvvappgltswvyhltsntgvarihllnqpnpwssivkmsiqrteegllgfpaacvlslllwptpacpvwgwypgwcrc	MNISQYESYQKHRlllflgggllmlgptglavamiglvlpsladvppfgmgllmswslyhqdwygpgtpagftlnfaclnqsgffaqvvpssplsyaltphlssaqcpvasernrqkqsfavprwqmfgspssgwllqnvqfvapayeddishlekvspcdpgtgvtavelgfvshngrpsagdlsvevqcsdathllrppqasrgsgsfaqvkfalsgnafagtpedvphgqfiasltaldlsntinnwsfealsyppypkgspqtagksvktsdfellrtfvlassfqisdkplvmlggypdpsmllswnvslasqttntavlvvappgltswvyhltsntgvarihllnqpnpwssivkmsiqrteegllgfpaacvlslllwptpacpvwgwypgwcrc	MNIsqyesyqkhRlllflgggllmlgptglavamiglvlpsladvppfgmgllmswslyhqdwygpgtpagftlnfaclnqsgffaqvvpssplsyaltphlssaqcpvasernrqkqsfavprwqmfgspssgwllqnvqfvapayeddishlekvspcdpgtgvtavelgfvshngrpsagdlsvevqcsdathllrppqasrgsgsfaqvkfalsgnafagtpedvphgqfiasltaldlsntinnwsfealsyppypkgspqtagksvktsdfellrtfvlassfqisdkplvmlggypdpsmllswnvslasqttntavlvvappgltswvyhltsntgvarihllnqpnpwssivkmsiqrteegllgfpaacvlslllwptpacpvwgwypgwcrc					1	D	24	12	0.46153846153846156	8.0407680510592	0.006431695394906097
G3I601	I79_018912	Cricetulus griseus	TPR repeat-containing protein C10orf93	167901.49122856173	1	KGTEGTVHDVGPSEMALQK		1	1	0.01279	mdlvitqeltraqnqedaaalrrayeliksanlgksefdpsesfspdlfvmgesemsedciqmyfkvkapvtqflgrahlcraqlcgpqseenleefencvtqymkavnfakgepryyflvfnasvlywhmvrpllkpgyhqyvipslsqiitvlnqteedkewqaelmmellecylqagrqeeaakfcltaapfikahvphkyrnifsvmvrhelmddnqlkeekkhsaslsitysinslkamlllfelgrlslilknesmasdclselkkletkdlaklleieglecelealrleskinmylrgavesqlniierldiilqrairlgdptaihvlcttqwntclpllqrnlrhylrkplttiaeilekvdslmtlmrcqvhmemacieqdedrlepaiehlkkamrldsqgiyqdklsmvynrlqlctmlyqspdrpedkatmaieqakkatlkdsarkkrallvnaglalapdtfqivldseneakvstgktrgrftylcakarhyilsvdkaaghlrrlgnendkerimiwselakvawnqdvcdvcrtatrfgllydnlkskkttklkrvkkkKGTEGTVHDVGPSEMALQKhmspdllrkiaemsflsaeatvhllhlegvelnsqaippedlsqhpagyvpeppdinpewityrtwieslsqyamgnwlraaeigqdlgeswvvqnavvcvlnhnrhlilsgrqkelvdylfhfltilkatgykgdpvmlvmlcdalargliiswiptqtpekskrnvrpnlvhipmessassdiraavevcefalsltngnvpedmvhtsvrqrliatwvkakqllqhqighrlgtdeqstneginsktrvlvavemyscnglglmdftvpplaqvvrmasecnwseplvelqilsrlayfayvahdheitmacsqnatqmglknlrsfdeidaklaaeilctvasiqgrsimenmkgrkqlrlaaakvfvesarfgglagnstlvmmaarhfwntwlpllsspvnrkkakgslqriigiinkteakkqkpesnwqkvdyiiefsqwmyynqfpmeevifhldwaieillsmkptedspepepnkegqasspqsltgsamsldletisldqfrsvrqlealarvhilralmvsrssssyeddcfmaysflrhiwqistpasnkpsddiptsmeewasyscpedllsvfkqdrsdstvnassfqkpigakqnsqrsmevetdtddkgadsstrdsttlketsreqnrkaeslkkrlvlaqrflaqtsevllqclqaslssnlldiaamaslemvecigsldpittcqflslsqscstsqmmrnvlltatnntsssqlaallqlhqrmrkqdktstnlfasvehrlaatsrawqglcvtdqhftflneippmfrivflqhsrdsksqrslekpietaillslvgvesivanqwptllqdnalranilwdnevppeskeemyselqpqqgeshptalclvlyglphqaiv	mdlvitqeltraqnqedaaalrrayeliksanlgksefdpsesfspdlfvmgesemsedciqmyfkvkapvtqflgrahlcraqlcgpqseenleefencvtqymkavnfakgepryyflvfnasvlywhmvrpllkpgyhqyvipslsqiitvlnqteedkewqaelmmellecylqagrqeeaakfcltaapfikahvphkyrnifsvmvrhelmddnqlkeekkhsaslsitysinslkamlllfelgrlslilknesmasdclselkkletkdlaklleieglecelealrleskinmylrgavesqlniierldiilqrairlgdptaihvlcttqwntclpllqrnlrhylrkplttiaeilekvdslmtlmrcqvhmemacieqdedrlepaiehlkkamrldsqgiyqdklsmvynrlqlctmlyqspdrpedkatmaieqakkatlkdsarkkrallvnaglalapdtfqivldseneakvstgktrgrftylcakarhyilsvdkaaghlrrlgnendkerimiwselakvawnqdvcdvcrtatrfgllydnlkskkttklkrvkkkKGTEGTVHDVGPSEMALQKhmspdllrkiaemsflsaeatvhllhlegvelnsqaippedlsqhpagyvpeppdinpewityrtwieslsqyamgnwlraaeigqdlgeswvvqnavvcvlnhnrhlilsgrqkelvdylfhfltilkatgykgdpvmlvmlcdalargliiswiptqtpekskrnvrpnlvhipmessassdiraavevcefalsltngnvpedmvhtsvrqrliatwvkakqllqhqighrlgtdeqstneginsktrvlvavemyscnglglmdftvpplaqvvrmasecnwseplvelqilsrlayfayvahdheitmacsqnatqmglknlrsfdeidaklaaeilctvasiqgrsimenmkgrkqlrlaaakvfvesarfgglagnstlvmmaarhfwntwlpllsspvnrkkakgslqriigiinkteakkqkpesnwqkvdyiiefsqwmyynqfpmeevifhldwaieillsmkptedspepepnkegqasspqsltgsamsldletisldqfrsvrqlealarvhilralmvsrssssyeddcfmaysflrhiwqistpasnkpsddiptsmeewasyscpedllsvfkqdrsdstvnassfqkpigakqnsqrsmevetdtddkgadsstrdsttlketsreqnrkaeslkkrlvlaqrflaqtsevllqclqaslssnlldiaamaslemvecigsldpittcqflslsqscstsqmmrnvlltatnntsssqlaallqlhqrmrkqdktstnlfasvehrlaatsrawqglcvtdqhftflneippmfrivflqhsrdsksqrslekpietaillslvgvesivanqwptllqdnalranilwdnevppeskeemyselqpqqgeshptalclvlyglphqaiv	mdlvitqeltraqnqedaaalrrayeliksanlgksefdpsesfspdlfvmgesemsedciqmyfkvkapvtqflgrahlcraqlcgpqseenleefencvtqymkavnfakgepryyflvfnasvlywhmvrpllkpgyhqyvipslsqiitvlnqteedkewqaelmmellecylqagrqeeaakfcltaapfikahvphkyrnifsvmvrhelmddnqlkeekkhsaslsitysinslkamlllfelgrlslilknesmasdclselkkletkdlaklleieglecelealrleskinmylrgavesqlniierldiilqrairlgdptaihvlcttqwntclpllqrnlrhylrkplttiaeilekvdslmtlmrcqvhmemacieqdedrlepaiehlkkamrldsqgiyqdklsmvynrlqlctmlyqspdrpedkatmaieqakkatlkdsarkkrallvnaglalapdtfqivldseneakvstgktrgrftylcakarhyilsvdkaaghlrrlgnendkerimiwselakvawnqdvcdvcrtatrfgllydnlkskkttklkrvkkkKgtegtvhdvgpsemalqKhmspdllrkiaemsflsaeatvhllhlegvelnsqaippedlsqhpagyvpeppdinpewityrtwieslsqyamgnwlraaeigqdlgeswvvqnavvcvlnhnrhlilsgrqkelvdylfhfltilkatgykgdpvmlvmlcdalargliiswiptqtpekskrnvrpnlvhipmessassdiraavevcefalsltngnvpedmvhtsvrqrliatwvkakqllqhqighrlgtdeqstneginsktrvlvavemyscnglglmdftvpplaqvvrmasecnwseplvelqilsrlayfayvahdheitmacsqnatqmglknlrsfdeidaklaaeilctvasiqgrsimenmkgrkqlrlaaakvfvesarfgglagnstlvmmaarhfwntwlpllsspvnrkkakgslqriigiinkteakkqkpesnwqkvdyiiefsqwmyynqfpmeevifhldwaieillsmkptedspepepnkegqasspqsltgsamsldletisldqfrsvrqlealarvhilralmvsrssssyeddcfmaysflrhiwqistpasnkpsddiptsmeewasyscpedllsvfkqdrsdstvnassfqkpigakqnsqrsmevetdtddkgadsstrdsttlketsreqnrkaeslkkrlvlaqrflaqtsevllqclqaslssnlldiaamaslemvecigsldpittcqflslsqscstsqmmrnvlltatnntsssqlaallqlhqrmrkqdktstnlfasvehrlaatsrawqglcvtdqhftflneippmfrivflqhsrdsksqrslekpietaillslvgvesivanqwptllqdnalranilwdnevppeskeemyselqpqqgeshptalclvlyglphqaiv		6224870.437500006			1	T	25	12	0.46153846153846156	8.038366128965215	0.007971200822833634
G3GYW2	I79_003016	Cricetulus griseus	Ras-associated and pleckstrin-likey domains-containing protein 1	111637.81442330213	1	SSLSVQPGFLADLNRTLQR		1	1	0.01848	meqlsdeeidhgaeedsdkedqdldkmfgawlgeldkltqsldsdkpkepvkrsplrqetnmanfsyrfsiynlnealnqgetvdldalmadlcsieqelssigsgnskrqvtepkvtqklpvsrqtskhgtlrglsssstrttkpspanysldditaqleqaslsmdeaaqqsvvedskplvtnqhrrtasagtvsdaevrsisnssrssitsaassmdsldidkvirpqeldltthqgqpitehaislrcpskqakhhsdvteeqaeltpeeqaaklkaekirvalekikeaqvkklvirvhmsddssktmmvderqtvrqvldnlmdkshcgysldwslvetiselqmeiegvlwlkddgkkswkkryfllrasgiyyvpkgkakvsrdlvcflqldhvnvyygqdyrskykaptdcclalkhpqiqkksqyikylccddvrtlhqwvngiriakygkqlytnyqealkrtepaydwtslssssiksgsssssipesqsnhsnqsdsgmsdtlptghirsqstvssifseawkrgtqleesskarmesmnrsytslmpplspqtkivtpytasqpspplpppppppppppppppppppplpsqsaapsagssatmfvkystitrlqnaaqhsgplfkspptpgmqplplasqslkaqivvppngvipppppppppptpgsamaqlkpvpcapslpqfspqppplkihqvqhvpqvapptpspappipstvppqappkplvtippsastktrnssiksgscaehpepkrpsvdslvskfappaesgspnketppppaappkpgklhlsgvnlpgihqqgnvstkpsvvsghgkdstvefpsppsdsdfpppppeielplppieipaifsgntspkvavvnpqpqlwsktslkkappptrpkrndstrltqadiseqpamttvvpqvptspkSSLSVQPGFLADLNRTLQRksitrhgslsssrmsraeptatmddmalpppppellsdqpkagfggshisgyatlrrgpppappkrdqntklsrdw	meqlsdeeidhgaeedsdkedqdldkmfgawlgeldkltqsldsdkpkepvkrsplrqetnmanfsyrfsiynlnealnqgetvdldalmadlcsieqelssigsgnskrqvtepkvtqklpvsrqtskhgtlrglsssstrttkpspanysldditaqleqaslsmdeaaqqsvvedskplvtnqhrrtasagtvsdaevrsisnssrssitsaassmdsldidkvirpqeldltthqgqpitehaislrcpskqakhhsdvteeqaeltpeeqaaklkaekirvalekikeaqvkklvirvhmsddssktmmvderqtvrqvldnlmdkshcgysldwslvetiselqmeiegvlwlkddgkkswkkryfllrasgiyyvpkgkakvsrdlvcflqldhvnvyygqdyrskykaptdcclalkhpqiqkksqyikylccddvrtlhqwvngiriakygkqlytnyqealkrtepaydwtslssssiksgsssssipesqsnhsnqsdsgmsdtlptghirsqstvssifseawkrgtqleesskarmesmnrsytslmpplspqtkivtpytasqpspplpppppppppppppppppppplpsqsaapsagssatmfvkystitrlqnaaqhsgplfkspptpgmqplplasqslkaqivvppngvipppppppppptpgsamaqlkpvpcapslpqfspqppplkihqvqhvpqvapptpspappipstvppqappkplvtippsastktrnssiksgscaehpepkrpsvdslvskfappaesgspnketppppaappkpgklhlsgvnlpgihqqgnvstkpsvvsghgkdstvefpsppsdsdfpppppeielplppieipaifsgntspkvavvnpqpqlwsktslkkappptrpkrndstrltqadiseqpamttvvpqvptspkSSLSVQPGFLADLNRTLQRksitrhgslsssrmsraeptatmddmalpppppellsdqpkagfggshisgyatlrrgpppappkrdqntklsrdw	meqlsdeeidhgaeedsdkedqdldkmfgawlgeldkltqsldsdkpkepvkrsplrqetnmanfsyrfsiynlnealnqgetvdldalmadlcsieqelssigsgnskrqvtepkvtqklpvsrqtskhgtlrglsssstrttkpspanysldditaqleqaslsmdeaaqqsvvedskplvtnqhrrtasagtvsdaevrsisnssrssitsaassmdsldidkvirpqeldltthqgqpitehaislrcpskqakhhsdvteeqaeltpeeqaaklkaekirvalekikeaqvkklvirvhmsddssktmmvderqtvrqvldnlmdkshcgysldwslvetiselqmeiegvlwlkddgkkswkkryfllrasgiyyvpkgkakvsrdlvcflqldhvnvyygqdyrskykaptdcclalkhpqiqkksqyikylccddvrtlhqwvngiriakygkqlytnyqealkrtepaydwtslssssiksgsssssipesqsnhsnqsdsgmsdtlptghirsqstvssifseawkrgtqleesskarmesmnrsytslmpplspqtkivtpytasqpspplpppppppppppppppppppplpsqsaapsagssatmfvkystitrlqnaaqhsgplfkspptpgmqplplasqslkaqivvppngvipppppppppptpgsamaqlkpvpcapslpqfspqppplkihqvqhvpqvapptpspappipstvppqappkplvtippsastktrnssiksgscaehpepkrpsvdslvskfappaesgspnketppppaappkpgklhlsgvnlpgihqqgnvstkpsvvsghgkdstvefpsppsdsdfpppppeielplppieipaifsgntspkvavvnpqpqlwsktslkkappptrpkrndstrltqadiseqpamttvvpqvptspkssLsvqpgfladlnRTlqRksitrhgslsssrmsraeptatmddmalpppppellsdqpkagfggshisgyatlrrgpppappkrdqntklsrdw				69847834.66666669	1	T	26	12	0.46153846153846156	8.037577250097337	0.008226221079691516
DECOY_G3IFU7	I79_022620	Cricetulus griseus	Ubiquitin-conjugating enzyme E2 variant 1	13420.040225024082	1	QPFHLSLNSQLPSVPAK		1	1	0.1405	mQPFHLSLNSQLPSVPAKtvlqelvtrraataaeherkvddlessgalhsqirgselvvmarpdvvrnsssvsstnvktvfrvsppaepykpeceiklsyirneyvtrppgiimgtrrtlt	mQPFHLSLNSQLPSVPAKtvlqelvtrraataaeherkvddlessgalhsqirgselvvmarpdvvrnsssvsstnvktvfrvsppaepykpeceiklsyirneyvtrppgiimgtrrtlt	mQpfhlsLNsqlpsvpaKtvlqelvtrraataaeherkvddlessgalhsqirgselvvmarpdvvrnsssvsstnvktvfrvsppaepykpeceiklsyirneyvtrppgiimgtrrtlt					1	D	26	13	0.5	8.02204640687007	0.009061162849232317
DECOY_G3HC68	Shc1	Cricetulus griseus	SHC-transforming protein 1	62587.38614897063	1	GLISSLPR		1	1	0.01382	makrdvpqqlclesgasiiplhndmhysilhsvsefrhdktrvvgepdvlllhkpqgsqlgtlvyqgptttservlfdgnlqllaeaerrslkghfwsegqlqeamsmtqppppvrladefpkmdfldrpasgnispnppgagvgaqrakdlnqinvyspddflergpcpppplmqkrvepdgaahqgipltaglhspmqgtpltpraagerlrmdvvgglppekgpfdnyyqhdppeeeeedwasgdfgamrdhptvlkppnrlyqkfrlefaqgitsivdqalgepcelihcarqnvpdkavyavyeatdpdggsafsisqmhhnaiiqkcdaamlnlsstsvtltipmgafklnsrGLISSLPRscpkrrrtagkagpvaecvlsiaertvqtrtnfdlarmsqlvevcgmyrvlysvgpgmvkdnphlwgrtpknvfsghrtweegglqggevrtrrggggslknmdqllpllgsdrlaagangegdeaakgpegkpglrggapnalklnsmrpffsclttpsddgplpplipglssaspspleetptsgsageelsslsenrlpnykpkpplld	makrdvpqqlclesgasiiplhndmhysilhsvsefrhdktrvvgepdvlllhkpqgsqlgtlvyqgptttservlfdgnlqllaeaerrslkghfwsegqlqeamsmtqppppvrladefpkmdfldrpasgnispnppgagvgaqrakdlnqinvyspddflergpcpppplmqkrvepdgaahqgipltaglhspmqgtpltpraagerlrmdvvgglppekgpfdnyyqhdppeeeeedwasgdfgamrdhptvlkppnrlyqkfrlefaqgitsivdqalgepcelihcarqnvpdkavyavyeatdpdggsafsisqmhhnaiiqkcdaamlnlsstsvtltipmgafklnsrGLISSLPRscpkrrrtagkagpvaecvlsiaertvqtrtnfdlarmsqlvevcgmyrvlysvgpgmvkdnphlwgrtpknvfsghrtweegglqggevrtrrggggslknmdqllpllgsdrlaagangegdeaakgpegkpglrggapnalklnsmrpffsclttpsddgplpplipglssaspspleetptsgsageelsslsenrlpnykpkpplld	makrdvpqqlclesgasiiplhndmhysilhsvsefrhdktrvvgepdvlllhkpqgsqlgtlvyqgptttservlfdgnlqllaeaerrslkghfwsegqlqeamsmtqppppvrladefpkmdfldrpasgnispnppgagvgaqrakdlnqinvyspddflergpcpppplmqkrvepdgaahqgipltaglhspmqgtpltpraagerlrmdvvgglppekgpfdnyyqhdppeeeeedwasgdfgamrdhptvlkppnrlyqkfrlefaqgitsivdqalgepcelihcarqnvpdkavyavyeatdpdggsafsisqmhhnaiiqkcdaamlnlsstsvtltipmgafklnsrglisSLPRscpkrrrtagkagpvaecvlsiaertvqtrtnfdlarmsqlvevcgmyrvlysvgpgmvkdnphlwgrtpknvfsghrtweegglqggevrtrrggggslknmdqllpllgsdrlaagangegdeaakgpegkpglrggapnalklnsmrpffsclttpsddgplpplipglssaspspleetptsgsageelsslsenrlpnykpkpplld					1	D	26	14	0.5384615384615384	7.333774862691825	0.00929881879869314
