Protein Accession	Gene	Organism	Protein Full Name	Protein Unmodified Mass	Number of Proteins in Group	Unique Peptides	Shared Peptides	Number of Peptides	Number of Unique Peptides	Sequence Coverage Fraction	Sequence Coverage	Sequence Coverage with Mods	Fragment Sequence Coverage	Modification Info List	Intensity_control_1_DDA_14	Number of PSMs	Protein Decoy/Contaminant/Target	Protein Cumulative Target	Protein Cumulative Decoy	Protein QValue	Best Peptide Score	Best Peptide Notch QValue
P01857	IGHG1	Homo sapiens	Immunoglobulin heavy constant gamma 1	43884.10476324234	1			39	35	0.78446	astkGPSVFPLAPSSKSTSGGTAALGCLVKDYFPEPVTVSWNSGALTSGVHTFPAVLQSSGLYSLSSVVTVPSSSLGTQTYICNVNHKPSNTKVDKKVEPKSCDKTHTCPPCPAPELLGGPSVFLFPPKPKDTLMISRTPEVTCVVVDVSHEDPEVKFNWYVDGVEVHNAKTKPREEQYNSTYRVVSVLTVLHQDWLNGKEYKCKVSNKALPAPIEKTISKAKGQPREPQVYTLPPSRdeltkNQVSLTCLVKGFYPSDIAVEWESNGQPENNYKTTPPVLDSDGSFFLYSKLTVDKSRWQQGNVFSCSVMHEALHNHYTQKslslspelqleescaeaqdgeldglwttitifitlfllsvcysatvtffkvkwifssvvdlkqtiipdyrnmigqga	astkGPSVFPLAPSSKSTSGGTAALGCLVKDYFPEPVTVSWNSGALTSGVHTFPAVLQSSGLYSLSSVVTVPSSSLGTQTYICNVNHKPSNTKVDKKVEPKSCDKTHTCPPCPAPELLGGPSVFLFPPKPKDTLMISRTPEVTCVVVDVSHEDPEVKFNWYVDGVEVHNAKTKPREEQYNSTYRVVSVLTVLHQDWLNGKEYKCKVSNKALPAPIEKTISKAKGQPREPQVYTLPPSRdeltkNQVSLTCLVKGFYPSDIAVEWESNGQPENNYKTTPPVLDSDGSFFLYSKLTVDKSRWQQGNVFSCSVMHEALHNHYTQKslslspelqleescaeaqdgeldglwttitifitlfllsvcysatvtffkvkwifssvvdlkqtiipdyrnmigqga	astkgpSVFPLAPSSKSTSGGTAALGCLVKdyFpEpvTVSwnsgaltsgvhtfpAvlqssglYSLSSVVTVPssSLGTQTYICNVNHKpsnTKVDKKVEPKscDKtHTCPPCpaPELLGGPSVFLFPPKPKDTLMISRTpEVTCVVVDVSHEDPEVKFNWYVDGVEVHNAKtkprEEQYNSTYRvvSVLTVLHQDWLNGKEykCKVSNKALPAPIEKTISKAKGQPREPQVYTLPPSRdeltkNQVSLTCLVKgfYPsDIAVEWESNGQPENNYKTTPPVLDSDGSFFLYSKLTVDKSRWQQGNVFSCSVMHEALHNHYTQKslslspelqleescaeaqdgeldglwttitifitlfllsvcysatvtffkvkwifssvvdlkqtiipdyrnmigqga		616449318.5984701	1367	T	1	0	0	33.19689715910825	0.0007347538574577516
P00489	PYGM	Oryctolagus cuniculus	Glycogen phosphorylase, muscle form	97227.85932936243	1			6	4	0.09727	msrplsdqekrkqisvrglagvenvtelkknfnrhlhftlvkdrnvatprdyyfalahtvrdhlvgrwirtqqhyyekdpkriyylslefymgrtlqntmvnlalenacdeatyqlgldmeeleeieedaglgngglgrlaacfldsmatlglaaygygiryefgifnqkicggwqmeeaddwlrygnpwekarpeftlpvhfygrvehtsqgakwvdtqvvlampydtpvpgyrnnvvntmrlwsakapndfnlkdfnvggyiqavldrnlaenisrVLYPNDNFFEGKelrlkqeyfvvaatlqdiirrfksskfgcrdpvrtnfdafpdkvaiqlndthpslaipelmrvlvdlerldwdkawevtvkTCAYTNHTVLPEALERwpvhlletllprhlqiiyeinqrflnrvaaafpgdvdrlrrmslveegavkrinmahlciagshavngvarihseilkktifkdfyelephkfqnktngitprrwlvlcnpglaeiiaerIGEEYISDLDQLRKLLSYVDDEAFIRdvakvkqenklkfaaylereykvhinpnslfdvqvkriheykrqllnclhvitlynrikkepnkfvvprtvmiggkaapgyhmakmiikLITAIGDVVNHDPVVGDRlrviflenyrvslaekvipaadlseqistagteasgtgnmkfmlngaltigtmdganvemaeeageenffifgmrvedvdrldqrgynaqeyydripelrqiieqlssgffspkqpdlfkdivnmlmhhdrfkVFADYEEYVKcqervsalyknprewtrmvirniatsgkfssdrtiaqyareiwgvepsrqrlpapdekip	msrplsdqekrkqisvrglagvenvtelkknfnrhlhftlvkdrnvatprdyyfalahtvrdhlvgrwirtqqhyyekdpkriyylslefymgrtlqntmvnlalenacdeatyqlgldmeeleeieedaglgngglgrlaacfldsmatlglaaygygiryefgifnqkicggwqmeeaddwlrygnpwekarpeftlpvhfygrvehtsqgakwvdtqvvlampydtpvpgyrnnvvntmrlwsakapndfnlkdfnvggyiqavldrnlaenisrVLYPNDNFFEGKelrlkqeyfvvaatlqdiirrfksskfgcrdpvrtnfdafpdkvaiqlndthpslaipelmrvlvdlerldwdkawevtvkTCAYTNHTVLPEALERwpvhlletllprhlqiiyeinqrflnrvaaafpgdvdrlrrmslveegavkrinmahlciagshavngvarihseilkktifkdfyelephkfqnktngitprrwlvlcnpglaeiiaerIGEEYISDLDQLRKLLSYVDDEAFIRdvakvkqenklkfaaylereykvhinpnslfdvqvkriheykrqllnclhvitlynrikkepnkfvvprtvmiggkaapgyhmakmiikLITAIGDVVNHDPVVGDRlrviflenyrvslaekvipaadlseqistagteasgtgnmkfmlngaltigtmdganvemaeeageenffifgmrvedvdrldqrgynaqeyydripelrqiieqlssgffspkqpdlfkdivnmlmhhdrfkVFADYEEYVKcqervsalyknprewtrmvirniatsgkfssdrtiaqyareiwgvepsrqrlpapdekip	msrplsdqekrkqisvrglagvenvtelkknfnrhlhftlvkdrnvatprdyyfalahtvrdhlvgrwirtqqhyyekdpkriyylslefymgrtlqntmvnlalenacdeatyqlgldmeeleeieedaglgngglgrlaacfldsmatlglaaygygiryefgifnqkicggwqmeeaddwlrygnpwekarpeftlpvhfygrvehtsqgakwvdtqvvlampydtpvpgyrnnvvntmrlwsakapndfnlkdfnvggyiqavldrnlaenisrvlYPNDNFFEGKelrlkqeyfvvaatlqdiirrfksskfgcrdpvrtnfdafpdkvaiqlndthpslaipelmrvlvdlerldwdkawevtvktcAYTNHTVLPEALERwpvhlletllprhlqiiyeinqrflnrvaaafpgdvdrlrrmslveegavkrinmahlciagshavngvarihseilkktifkdfyelephkfqnktngitprrwlvlcnpglaeiiaerIGEEYISDLDQLRKLLSYVDDEAFIRdvakvkqenklkfaaylereykvhinpnslfdvqvkriheykrqllnclhvitlynrikkepnkfvvprtvmiggkaapgyhmakmiikliTAIGDVVNHDPVVgdRlrviflenyrvslaekvipaadlseqistagteasgtgnmkfmlngaltigtmdganvemaeeageenffifgmrvedvdrldqrgynaqeyydripelrqiieqlssgffspkqpdlfkdivnmlmhhdrfkVFADYEEYVKcqervsalyknprewtrmvirniatsgkfssdrtiaqyareiwgvepsrqrlpapdekip		47679069.531475656	22	T	2	0	0	24.388491073450833	0.0007347538574577516
G3ILU4	I79_024866	Cricetulus griseus	Immunoglobulin V-set domain-containing protein (Fragment)	11516.592349179327	1			3	2	0.10577	gmqckvqlvesggglvqhgksqklscaasgftfssyamnwvrrapgkglewvayinadssyiyyanavkGRFTISRDNSKnsmnlqmndlkfedkpciaveetq	gmqckvqlvesggglvqhgksqklscaasgftfssyamnwvrrapgkglewvayinadssyiyyanavkGRFTISRDNSKnsmnlqmndlkfedkpciaveetq	gmqckvqlvesggglvqhgksqklscaasgftfssyamnwvrrapgkglewvayinadssyiyyanavkgrFTISRDNSKnsmnlqmndlkfedkpciaveetq		70842341.09462582	31	T	3	0	0	13.194056297364881	0.0007347538574577516
G3HPV6	I79_012827	Cricetulus griseus	Histone H4	28445.717690731035	1			1	0	0.08397	msgrgkqggkarakaktrssraglqfpvgrvhrllrkgnyservgagapvylaavleyltaeilelagnaardnkkpptiprplqlairndeelnkllgrvtiaqggvlpniqavllpkkteshhkakgkssvrsaaccikacsqlkaqcfssqrftvtmsgrgkggkglgkggakrhrkvlrDNIQGITKPAIRrlarrggvkrISGLIYEETRgvlkvflenvirdavtytehakrktvtamdvvyalkrqgrtlygfgg	msgrgkqggkarakaktrssraglqfpvgrvhrllrkgnyservgagapvylaavleyltaeilelagnaardnkkpptiprplqlairndeelnkllgrvtiaqggvlpniqavllpkkteshhkakgkssvrsaaccikacsqlkaqcfssqrftvtmsgrgkggkglgkggakrhrkvlrDNIQGITKPAIRrlarrggvkrISGLIYEETRgvlkvflenvirdavtytehakrktvtamdvvyalkrqgrtlygfgg	msgrgkqggkarakaktrssraglqfpvgrvhrllrkgnyservgagapvylaavleyltaeilelagnaardnkkpptiprplqlairndeelnkllgrvtiaqggvlpniqavllpkkteshhkakgkssvrsaaccikacsqlkaqcfssqrftvtmsgrgkggkglgkggakrhrkvlrdnIQGITKpaIRrlarrggvkrISGLIYEETRgvlkvflenvirdavtytehakrktvtamdvvyalkrqgrtlygfgg		673572.3950115666	3	T	4	0	0	11.275296815185207	0.0007347538574577516
G3ILZ7	I79_024924	Cricetulus griseus	Ig-like domain-containing protein	17093.33911377876	1			1	0	0.14286	mavlmlllclvnfpscvqcevqlgesggglvqpgkslklsceasgftfssygmdwvrqspgkglewvayissrssniyyanavkgrftisrdnakNTLFLQMNSVKSEDTATYYCARdtvsesccelrhkppcrmlmtsrgrkehrfsgsqksl	mavlmlllclvnfpscvqcevqlgesggglvqpgkslklsceasgftfssygmdwvrqspgkglewvayissrssniyyanavkgrftisrdnakNTLFLQMNSVKSEDTATYYCARdtvsesccelrhkppcrmlmtsrgrkehrfsgsqksl	mavlmlllclvnfpscvqcevqlgesggglvqpgkslklsceasgftfssygmdwvrqspgkglewvayissrssniyyanavkgrFTISRdnakntlflqmnsvkseDtatYYCardtvsesccelrhkppcrmlmtsrgrkehrfsgsqksl			20	T	5	0	0	10.196630321497901	0.0007347538574577516
G3HVK5	I79_014994	Cricetulus griseus	Vesicular glutamate transporter 3	50191.987000627996	1			1	1	0.02603	mtmaekidgtneeednielneegrpvqasrphlpvcdcsccgipkryiiaimsglgfcisfgircnlgvaivemvnnstvyvdgkpeiqmaqfnwdpetvglihgsffwgyivtqipggfisnkfaansaiylvvhslsdyvvgriincsyagavvamplagvlvqyigwasvfyiygmfgiiwyifwllqayecpaahptisnaektyietsigeganlaspsvgllsavphmvmtivvpiggqladclrsrkiltttavrkimncggfgmeatlllvvgfshtkgvaisflvlavgfsgfaisgfnvnhldiapryasilmgisngvgtlsgmvcplivgamtkhktreewqnvfliaalvhysgvifygvfasgekqdwadpeslseekcgiidqdelaeetelnheailsprkKMSYGATTQNVKvqksgwrqqreaafdeeealsyqnegdysets	mtmaekidgtneeednielneegrpvqasrphlpvcdcsccgipkryiiaimsglgfcisfgircnlgvaivemvnnstvyvdgkpeiqmaqfnwdpetvglihgsffwgyivtqipggfisnkfaansaiylvvhslsdyvvgriincsyagavvamplagvlvqyigwasvfyiygmfgiiwyifwllqayecpaahptisnaektyietsigeganlaspsvgllsavphmvmtivvpiggqladclrsrkiltttavrkimncggfgmeatlllvvgfshtkgvaisflvlavgfsgfaisgfnvnhldiapryasilmgisngvgtlsgmvcplivgamtkhktreewqnvfliaalvhysgvifygvfasgekqdwadpeslseekcgiidqdelaeetelnheailsprkKMSYGATTQNVKvqksgwrqqreaafdeeealsyqnegdysets	mtmaekidgtneeednielneegrpvqasrphlpvcdcsccgipkryiiaimsglgfcisfgircnlgvaivemvnnstvyvdgkpeiqmaqfnwdpetvglihgsffwgyivtqipggfisnkfaansaiylvvhslsdyvvgriincsyagavvamplagvlvqyigwasvfyiygmfgiiwyifwllqayecpaahptisnaektyietsigeganlaspsvgllsavphmvmtivvpiggqladclrsrkiltttavrkimncggfgmeatlllvvgfshtkgvaisflvlavgfsgfaisgfnvnhldiapryasilmgisngvgtlsgmvcplivgamtkhktreewqnvfliaalvhysgvifygvfasgekqdwadpeslseekcgiidqdelaeetelnheailsprkKMSygattqnVKvqksgwrqqreaafdeeealsyqnegdysets		16070265.500000037	2	T	6	0	0	8.198489340318208	0.0007347538574577516
DECOY_G3I823	Gramd4	Cricetulus griseus	GRAM domain-containing protein 4	66682.42454210164	1			1	1	0.03265	msdggsaaastikvyqsfitefaedrhvmagfvlpkqtsptsvaigmgsgplvslvkykqidtidalkivknrkssgskssefclynetvylvgnriydtpmkrdrnilccrwgnecvalprenetlnfiehfngkktshfrgadedkSLGAPASSVYSRSSTTQLRrsvtagareklqpdtplnkwiiyptdykarlrpcrkfifdilffkigaylglalgvlrypffcsalfaawlavylkqtiepqvwmflnkikelidamkgflnqakqavdlvlqfkesvtldekapevaesvepviswqirwgrailynlslrlialflfmpiawghwvanmyvtfaiastyisywdslaslnkvfntvpkagrklrrmnetlrraslpeetevtneepqfrfdevyegfreyfwkqvraslgqsrrdtgtgnsahsqgkppqqpqtpqeesraklveqikqeleirrqrerdleqrlmesnteerlkrleeqlfhkellaielhgkienlrdfetrsfdqvgaamiltgpgapdrleesdrpsprptklpiedgcetdsanpsealdlfderkhgrfrirdlrrl	msdggsaaastikvyqsfitefaedrhvmagfvlpkqtsptsvaigmgsgplvslvkykqidtidalkivknrkssgskssefclynetvylvgnriydtpmkrdrnilccrwgnecvalprenetlnfiehfngkktshfrgadedkSLGAPASSVYSRSSTTQLRrsvtagareklqpdtplnkwiiyptdykarlrpcrkfifdilffkigaylglalgvlrypffcsalfaawlavylkqtiepqvwmflnkikelidamkgflnqakqavdlvlqfkesvtldekapevaesvepviswqirwgrailynlslrlialflfmpiawghwvanmyvtfaiastyisywdslaslnkvfntvpkagrklrrmnetlrraslpeetevtneepqfrfdevyegfreyfwkqvraslgqsrrdtgtgnsahsqgkppqqpqtpqeesraklveqikqeleirrqrerdleqrlmesnteerlkrleeqlfhkellaielhgkienlrdfetrsfdqvgaamiltgpgapdrleesdrpsprptklpiedgcetdsanpsealdlfderkhgrfrirdlrrl	msdggsaaastikvyqsfitefaedrhvmagfvlpkqtsptsvaigmgsgplvslvkykqidtidalkivknrkssgskssefclynetvylvgnriydtpmkrdrnilccrwgnecvalprenetlnfiehfngkktshfrgadedkslGapassvysrsstTQLRrsvtagareklqpdtplnkwiiyptdykarlrpcrkfifdilffkigaylglalgvlrypffcsalfaawlavylkqtiepqvwmflnkikelidamkgflnqakqavdlvlqfkesvtldekapevaesvepviswqirwgrailynlslrlialflfmpiawghwvanmyvtfaiastyisywdslaslnkvfntvpkagrklrrmnetlrraslpeetevtneepqfrfdevyegfreyfwkqvraslgqsrrdtgtgnsahsqgkppqqpqtpqeesraklveqikqeleirrqrerdleqrlmesnteerlkrleeqlfhkellaielhgkienlrdfetrsfdqvgaamiltgpgapdrleesdrpsprptklpiedgcetdsanpsealdlfderkhgrfrirdlrrl			4	D	6	1	0.16666666666666666	8.095895514034654	0.0029390154298310064
DECOY_G3GZN4	Fbxo25	Cricetulus griseus	F-box only protein 25	41828.03831805988	1			1	1	0.03081	mfkfldifhqpsvptfcsdpdaatcphgsdkwflischrcfhltdgyqektpyykqltfymlkweihgkeslilhrcfqkeafhyqclkkwlrrdeslmyltptvqgltvidwgdsfrylinnlmhlpldsltlgsnvqktmqlnqlqqqwslvtelrciwiningvlvskgvgrvlicltssldqlldkilrpnqhddlvkqvikdlinfynkqavgslstlqskailqllkvvytfrrIDQIASSFDLRnfaegltcyghrektsekhvyiwkeryfshaatdtgfhekkrkkaayecennfieeegnnliishnityqgnesqleqscsdcrkwgdetkiwswgpsrwdqglfp	mfkfldifhqpsvptfcsdpdaatcphgsdkwflischrcfhltdgyqektpyykqltfymlkweihgkeslilhrcfqkeafhyqclkkwlrrdeslmyltptvqgltvidwgdsfrylinnlmhlpldsltlgsnvqktmqlnqlqqqwslvtelrciwiningvlvskgvgrvlicltssldqlldkilrpnqhddlvkqvikdlinfynkqavgslstlqskailqllkvvytfrrIDQIASSFDLRnfaegltcyghrektsekhvyiwkeryfshaatdtgfhekkrkkaayecennfieeegnnliishnityqgnesqleqscsdcrkwgdetkiwswgpsrwdqglfp	mfkfldifhqpsvptfcsdpdaatcphgsdkwflischrcfhltdgyqektpyykqltfymlkweihgkeslilhrcfqkeafhyqclkkwlrrdeslmyltptvqgltvidwgdsfrylinnlmhlpldsltlgsnvqktmqlnqlqqqwslvtelrciwiningvlvskgvgrvlicltssldqlldkilrpnqhddlvkqvikdlinfynkqavgslstlqskailqllkvvytfrridQIassfDLRnfaegltcyghrektsekhvyiwkeryfshaatdtgfhekkrkkaayecennfieeegnnliishnityqgnesqleqscsdcrkwgdetkiwswgpsrwdqglfp			2	D	6	2	0.2	8.059250558593131	0.005856515373352855
G3GSU9	Irf2	Cricetulus griseus	Interferon regulatory factor	39399.84372696068	1			1	1	0.08309	mpvermrmrpwleeqinsntipglkwlnkekkifqipwmhaarhgwdvekdaplfrnwaihtgkhqpgvdkpdpktwkanfrcamnslpdieevkdrsikkgnnafrvyrmlplserpskkgkkpktekedrvkhikQEPVESSLGLSNGVSDLSPEYAVLTSAIKnevdstvniivvgqshldssiedqeivtnppdicqvvevttesddqpvsmselyplqispvssyaesettdsvpsdeesaegrphwrkrniegkqylsnmgtrstyllpsmatfvtsnkpdlqvtikeescpmpynsswppftdlslpapvtptpsssrpdretrasvikktsditqarvksc	mpvermrmrpwleeqinsntipglkwlnkekkifqipwmhaarhgwdvekdaplfrnwaihtgkhqpgvdkpdpktwkanfrcamnslpdieevkdrsikkgnnafrvyrmlplserpskkgkkpktekedrvkhikQEPVESSLGLSNGVSDLSPEYAVLTSAIKnevdstvniivvgqshldssiedqeivtnppdicqvvevttesddqpvsmselyplqispvssyaesettdsvpsdeesaegrphwrkrniegkqylsnmgtrstyllpsmatfvtsnkpdlqvtikeescpmpynsswppftdlslpapvtptpsssrpdretrasvikktsditqarvksc	mpvermrmrpwleeqinsntipglkwlnkekkifqipwmhaarhgwdvekdaplfrnwaihtgkhqpgvdkpdpktwkanfrcamnslpdieevkdrsikkgnnafrvyrmlplserpskkgkkpktekedrvkhikqepVesslglsngVSdlspeyavltsaiKnevdstvniivvgqshldssiedqeivtnppdicqvvevttesddqpvsmselyplqispvssyaesettdsvpsdeesaegrphwrkrniegkqylsnmgtrstyllpsmatfvtsnkpdlqvtikeescpmpynsswppftdlslpapvtptpsssrpdretrasvikktsditqarvksc		22907544.666666716	2	T	7	2	0.2	9.035696477223599	0.009246088193456615
G3HYD8	I79_016063	Cricetulus griseus	Arf-GAP with Rho-GAP domain, ANK repeat and PH domain-containing protein 3	23389.477547043025	1			1	1	0.13023	mwdwttsilkaqhddqqsvvlrrhsssdlarqkFSTMPLLPIRGDDSGATLLSANQTLPMKspqgsveeqdeleepvyeepvyeevgafpeltkdtaafsstwewtaksktplashrsfdqtpvskasqeektpdyspgppsksgpqargsleeqllqelnnlilrkgepatcpespsqptspqapsatsistqapslptqtpntsnlassqplt	mwdwttsilkaqhddqqsvvlrrhsssdlarqkFSTMPLLPIRGDDSGATLLSANQTLPMKspqgsveeqdeleepvyeepvyeevgafpeltkdtaafsstwewtaksktplashrsfdqtpvskasqeektpdyspgppsksgpqargsleeqllqelnnlilrkgepatcpespsqptspqapsatsistqapslptqtpntsnlassqplt	mwdwttsilkaqhddqqsvvlrrhsssdlarqkfstmpllpirgddsgatLLsaNQtlpmKspqgsveeqdeleepvyeepvyeevgafpeltkdtaafsstwewtaksktplashrsfdqtpvskasqeektpdyspgppsksgpqargsleeqllqelnnlilrkgepatcpespsqptspqapsatsistqapslptqtpntsnlassqplt		133349366.33333342	2	T	8	2	0.2	8.04994430055518	0.009246088193456615
DECOY_G3GVV1	I79_001854	Cricetulus griseus	Uncharacterized protein C20orf26-like	131210.38297047061	1			1	1	0.01578	miigpwaymplhyqnyhlydltskellnkyisqefvrqlykqpkenmnieedevkyalqemspmdteqksnliqrlekrldifrdhflamcwpetfysyldpilneyyrtclnnlaqehqgflriynsvpfpekslctisevlkyrniylrfytgdrvngtmvesgrwpphsafvarVPQMSIKYPLMLPTDQIKagkympilrdldappetvpeltpdflslmaaalqfgiekssfnshtwdnsyyrnsfktlsgaariaidnthfttdivlrgdyvlcadnfakfteydvnkkyfsffvscelrfpktsttfsashipdpdegdnwqallsdqyitvgatkmaeeiaseieynnvctinsdtpphvlyigngkmgfhlltevttyvditngyvivkgetlisnnrmwilarlcdeedtliflnypvkgtyrqksnelverntlhqdmnagtpcpvqyqqgtclilhdyfvtenysvvvhkaardigtmrgvvvnvwsclsmlaydkdnfchcfvltelfsigvssagvvviranvtvkpeltlkrnthylaysaqdksvekspaniglkelpyviqrrprvpvlyhlastlshaysnqlkgersqpyvpyylcskfglrlieklffktyhrfipnlafhhlrgheeqqhhsfyifdeinyhsriyeidmeqrivaigviqnaveavfvqlatgdpdrcaenfqilddmikrsllltgvlnevgtidlitalrikisrllgarhfvyldheltcnncpvvkvfnqilvfeptlhpvsilcynkdraeykedicflqicfaaseglyiprflspeesflfsplssessslspeedgmnslvsfkqeidqieaaeplelsaneeseetekqssqsdskietdqseqispekspeliddphpfcfghfpgldfcehllalnvhscvsmfgvakgevecvvahneedqaeilealfyegymeklttdnhlfipmlddhdevrakrihlqpyhdhrhciyvafdedytlcpingvqsfvttlpsglsvytpvilfifhlepvtkfvtriverlcgtayedvavffhmfltnlptcpiesdlerflsvwndqnavnwnpydlfiahamieekdncltvalnakerlkpvvrtkegkekgrrgkreq	miigpwaymplhyqnyhlydltskellnkyisqefvrqlykqpkenmnieedevkyalqemspmdteqksnliqrlekrldifrdhflamcwpetfysyldpilneyyrtclnnlaqehqgflriynsvpfpekslctisevlkyrniylrfytgdrvngtmvesgrwpphsafvarVPQMSIKYPLMLPTDQIKagkympilrdldappetvpeltpdflslmaaalqfgiekssfnshtwdnsyyrnsfktlsgaariaidnthfttdivlrgdyvlcadnfakfteydvnkkyfsffvscelrfpktsttfsashipdpdegdnwqallsdqyitvgatkmaeeiaseieynnvctinsdtpphvlyigngkmgfhlltevttyvditngyvivkgetlisnnrmwilarlcdeedtliflnypvkgtyrqksnelverntlhqdmnagtpcpvqyqqgtclilhdyfvtenysvvvhkaardigtmrgvvvnvwsclsmlaydkdnfchcfvltelfsigvssagvvviranvtvkpeltlkrnthylaysaqdksvekspaniglkelpyviqrrprvpvlyhlastlshaysnqlkgersqpyvpyylcskfglrlieklffktyhrfipnlafhhlrgheeqqhhsfyifdeinyhsriyeidmeqrivaigviqnaveavfvqlatgdpdrcaenfqilddmikrsllltgvlnevgtidlitalrikisrllgarhfvyldheltcnncpvvkvfnqilvfeptlhpvsilcynkdraeykedicflqicfaaseglyiprflspeesflfsplssessslspeedgmnslvsfkqeidqieaaeplelsaneeseetekqssqsdskietdqseqispekspeliddphpfcfghfpgldfcehllalnvhscvsmfgvakgevecvvahneedqaeilealfyegymeklttdnhlfipmlddhdevrakrihlqpyhdhrhciyvafdedytlcpingvqsfvttlpsglsvytpvilfifhlepvtkfvtriverlcgtayedvavffhmfltnlptcpiesdlerflsvwndqnavnwnpydlfiahamieekdncltvalnakerlkpvvrtkegkekgrrgkreq	miigpwaymplhyqnyhlydltskellnkyisqefvrqlykqpkenmnieedevkyalqemspmdteqksnliqrlekrldifrdhflamcwpetfysyldpilneyyrtclnnlaqehqgflriynsvpfpekslctisevlkyrniylrfytgdrvngtmvesgrwpphsafvarvpQmsikyplmlptdQIKagkympilrdldappetvpeltpdflslmaaalqfgiekssfnshtwdnsyyrnsfktlsgaariaidnthfttdivlrgdyvlcadnfakfteydvnkkyfsffvscelrfpktsttfsashipdpdegdnwqallsdqyitvgatkmaeeiaseieynnvctinsdtpphvlyigngkmgfhlltevttyvditngyvivkgetlisnnrmwilarlcdeedtliflnypvkgtyrqksnelverntlhqdmnagtpcpvqyqqgtclilhdyfvtenysvvvhkaardigtmrgvvvnvwsclsmlaydkdnfchcfvltelfsigvssagvvviranvtvkpeltlkrnthylaysaqdksvekspaniglkelpyviqrrprvpvlyhlastlshaysnqlkgersqpyvpyylcskfglrlieklffktyhrfipnlafhhlrgheeqqhhsfyifdeinyhsriyeidmeqrivaigviqnaveavfvqlatgdpdrcaenfqilddmikrsllltgvlnevgtidlitalrikisrllgarhfvyldheltcnncpvvkvfnqilvfeptlhpvsilcynkdraeykedicflqicfaaseglyiprflspeesflfsplssessslspeedgmnslvsfkqeidqieaaeplelsaneeseetekqssqsdskietdqseqispekspeliddphpfcfghfpgldfcehllalnvhscvsmfgvakgevecvvahneedqaeilealfyegymeklttdnhlfipmlddhdevrakrihlqpyhdhrhciyvafdedytlcpingvqsfvttlpsglsvytpvilfifhlepvtkfvtriverlcgtayedvavffhmfltnlptcpiesdlerflsvwndqnavnwnpydlfiahamieekdncltvalnakerlkpvvrtkegkekgrrgkreq			2	D	8	3	0.2	8.039050996797112	0.009246088193456615
G3I196	I79_017147	Cricetulus griseus	Large ribosomal subunit protein eL14	17726.01937631853	1			0	0	0.08537	mpfkcmqltdfilkfphsarqkyvrkawekadintkwsatrwakkidarerkakmtdfdrfkvmkakkmrnriiktevkklqraailkaspkkapvakAAIAAAAAAAAAAKakvpakkgtapgkkaagqkaagqkaaapakgqksqktptqktpaakaagkka	mpfkcmqltdfilkfphsarqkyvrkawekadintkwsatrwakkidarerkakmtdfdrfkvmkakkmrnriiktevkklqraailkaspkkapvakAAIAAAAAAAAAAKakvpakkgtapgkkaagqkaagqkaaapakgqksqktptqktpaakaagkka	mpfkcmqltdfilkfphsarqkyvrkawekadintkwsatrwakkidarerkakmtdfdrfkvmkakkmrnriiktevkklqraailkaspkkapvakaaIAAAAAAAAAAKakvpakkgtapgkkaagqkaagqkaaapakgqksqktptqktpaakaagkka		325187.6406250006	1	T	9	3	0.2	16.290460234131324	0.016129032258064516
G3I1R6	I79_017334	Cricetulus griseus	Ribonuclease pancreatic	38895.45637346122	1			0	0	0.04094	melklnlenltpgngattkprlqplgflaavapdavppaerernaarsglkgatgftlldpvsrskqteglistgeelancctlsvsmalqrtwslllllvltllglglvqpsygqnqmyqrflrqhvspqetggndnycnlmmqrrkmtsrqckHFNTFIHEDIWNIRgicstsniqckngrmnchegvmkvalvaamepslkawgllvfllclqysslaqstsrrefmeyhhlsphkefsgyscdvlmtekglkpkishsfvymawykvehicisgnwkdryrnsyvwaqtpikvlechrenfkgkyiekrsynyvqfhcnadgyvdsiedmkvlepifa	melklnlenltpgngattkprlqplgflaavapdavppaerernaarsglkgatgftlldpvsrskqteglistgeelancctlsvsmalqrtwslllllvltllglglvqpsygqnqmyqrflrqhvspqetggndnycnlmmqrrkmtsrqckHFNTFIHEDIWNIRgicstsniqckngrmnchegvmkvalvaamepslkawgllvfllclqysslaqstsrrefmeyhhlsphkefsgyscdvlmtekglkpkishsfvymawykvehicisgnwkdryrnsyvwaqtpikvlechrenfkgkyiekrsynyvqfhcnadgyvdsiedmkvlepifa	melklnlenltpgngattkprlqplgflaavapdavppaerernaarsglkgatgftlldpvsrskqteglistgeelancctlsvsmalqrtwslllllvltllglglvqpsygqnqmyqrflrqhvspqetggndnycnlmmqrrkmtsrqckhfntFIHEDIWniRgicstsniqckngrmnchegvmkvalvaamepslkawgllvfllclqysslaqstsrrefmeyhhlsphkefsgyscdvlmtekglkpkishsfvymawykvehicisgnwkdryrnsyvwaqtpikvlechrenfkgkyiekrsynyvqfhcnadgyvdsiedmkvlepifa		182547.99633877218	1	T	10	3	0.2	11.40976409054891	0.016129032258064516
G3HDU1	LOC100752904	Cricetulus griseus	H1.2 linker histone, cluster member	21271.696161473537	1			0	0	0.14623	msetapaapaaappaektpakkkaakkpagarrKASGPPVSELITKavaaskersgvslaalkkalaaagydveknnsriklglkslvskgtlvqtkGTGASGSFKlnkkaasgeakpkakkagaakakkpagaakkpkkatgsatpkkaakktpkkakKPAAAAVTKkvakspkkakvakpkkaktaskavkpkaakpkvakpkkvaakkk	msetapaapaaappaektpakkkaakkpagarrKASGPPVSELITKavaaskersgvslaalkkalaaagydveknnsriklglkslvskgtlvqtkGTGASGSFKlnkkaasgeakpkakkagaakakkpagaakkpkkatgsatpkkaakktpkkakKPAAAAVTKkvakspkkakvakpkkaktaskavkpkaakpkvakpkkvaakkk	msetapaapaaappaektpakkkaakkpagarrKAsgppvseLITKavaaskersgvslaalkkalaaagydveknnsriklglkslvskgtlvqtkgtGASGSFKlnkkaasgeakpkakkagaakakkpagaakkpkkatgsatpkkaakktpkkakKPAaaAVTKkvakspkkakvakpkkaktaskavkpkaakpkvakpkkvaakkk		375542.02502114075	3	T	11	3	0.2	11.200973042731523	0.016129032258064516
G3HL18|G3HUC0	I79_011403|I79_014528	Cricetulus griseus	trypsin|trypsin (Fragment)	26715.1572407586|23153.24087582552	2			0	0	0.03968|0	maspsstlinclfsfpisiqvafpidddkivggytcqknsvpyqvslnsgyhfcggslinnqwvvsaahcyktriqvrlgehninvlegdeqfvtaskiirhpsfnsrTLDNDIMLIKlaspvtlnsrvatvalptscaaagtqclisgwgntlssgvnnpdllqclnapvlsqsacqaaypgqitanmicvgfleggkdscqgdsggpvvcngklqgivswgygcalknnpgvytkvcnyvswiqstiaan|kivggytcqensvpyqvslnsgyhfcggslindqwvvsaahcyktriqvrvgehninvlegneqfvtaekiirhpgfssrtldndimliklaspvaqvatvalpvscapagtqclisgwgntlsfgdllqcldapllpqadceasypgritskmvcagfleggkdscqgdsggpvvcngqlqgivswgygcalkdspgvytrvcnyvdwientidan	maspsstlinclfsfpisiqvafpidddkivggytcqknsvpyqvslnsgyhfcggslinnqwvvsaahcyktriqvrlgehninvlegdeqfvtaskiirhpsfnsrTLDNDIMLIKlaspvtlnsrvatvalptscaaagtqclisgwgntlssgvnnpdllqclnapvlsqsacqaaypgqitanmicvgfleggkdscqgdsggpvvcngklqgivswgygcalknnpgvytkvcnyvswiqstiaan|kivggytcqensvpyqvslnsgyhfcggslindqwvvsaahcyktriqvrvgehninvlegneqfvtaekiirhpgfssrtldndimliklaspvaqvatvalpvscapagtqclisgwgntlsfgdllqcldapllpqadceasypgritskmvcagfleggkdscqgdsggpvvcngqlqgivswgygcalkdspgvytrvcnyvdwientidan	maspsstlinclfsfpisiqvafpidddkivggytcqknsvpyqvslnsgyhfcggslinnqwvvsaahcyktriqvrlgehninvlegdeqfvtaskiirhpsfnsrTLDNDIMLIKlaspvtlnsrvatvalptscaaagtqclisgwgntlssgvnnpdllqclnapvlsqsacqaaypgqitanmicvgfleggkdscqgdsggpvvcngklqgivswgygcalknnpgvytkvcnyvswiqstiaan|kivggytcqensvpyqvslnsgyhfcggslindqwvvsaahcyktriqvrvgehninvlegneqfvtaekiirhpgfssrTLDNDIMLIKlaspvaqvatvalpvscapagtqclisgwgntlsfgdllqcldapllpqadceasypgritskmvcagfleggkdscqgdsggpvvcngqlqgivswgygcalkdspgvytrvcnyvdwientidan		3558678.406250003	1	T	12	3	0.2	11.134882839489293	0.016129032258064516
G3H0Y1	I79_003801	Cricetulus griseus	Uncharacterized protein	5510.796466815709	1			0	0	0.5	mppkddkkktdagksskkdkdpvskSGWWQGQKEVVQRQSSGQAQQSSPV	mppkddkkktdagksskkdkdpvskSGWWQGQKEVVQRQSSGQAQQSSPV	mppkddkkktdagksskkdkdpvsksgwwQgqkevVqrqssgqaQqsspv		2879217.7187500037	1	T	13	3	0.2	9.035984973977506	0.016129032258064516
G3HTB2	I79_014134	Cricetulus griseus	Myosin-XVIIIb	232307.24107927142	1			0	0	0.00962	mrtpevpinqanktnnvpkpgsqqtsqdspsatqkdadipgkdppraddknsmpvtstggekpqesgptgtpakrtlpfkrgvrrgdvllmvakldpelakpeqktqprdtpkdktpalatdpggtkkgattgtpcgpqtpiteknstggdgdtsqggtkggkcqgtegkgsrdpqtkgqkecesqntegqgtrspaweavnkgqvgtvekggggppkkmekedgpkgagakvrpleppvpikkwgvslgrrskwdssqsknresesqrrdekrgdlqgtaaeprgqqqeapgkmekaggsqkklvipgkcqeqpgvtaetqspqecckapggmptevtlaaevaeaarredqpestaqgagepcvhaeeevdieepqaegpveslpktqversslqkpmeeepvlqdpgrdsdqaseedrwyeaqkvwlvqkdgftlatvlkpdegtadlpagrvrlcmdadktvtevdedqvhranpseldqtedlaslvcvnessvlntllqryqaqlphtrsgpdlialqpqkttvpssgkvprgrqdglpahvtslaqraywallsqrrdqsivalgrsgagkttcceqvlehlvsmagsvdgrvsveklqaaftvlqafgsvstghsrrasrfsmvisldfnatgrvtaaqvqtvllensrvarqpqgegnfevfsqllagldvdlrtelnlhqmsesnafgmgvwsqpedkqkaatafsqlqgamellgisegeqraiwrvlaaiyhlgaagackvgrkqfmrfewanhaaealgcdyeelntatfkhhlrqiieqmtsgsqrqcledndassglkmtgvecvegmasglyqelfgavvylinrafsshhlsmasimvvdspgfqnprhqckdraatfeelcynyaqerlqllfyhrtfvstleryqeahlpaggateaagglfwvldeevrvegssdsvvlerlcaafekktvgadgpsvlriceqplqcelfhqlgrdpvrydltgwlrrakpnlsaleapqilqqsqrkelqnlfqaraklppvcravaglegtsqqalhrgrvvrrafasrvaalkrkapcaqiklqmdalisllsrsqlhfihclvptsveskpgqgtpsppqpggdqgganeppaldipamrvqlagshilealrlhragyadhmglvqfrrrfqaldpqllkkldwtseglderkvveellqtldlekkavavghsqvflkagvvsrlerqreklvsqnivlfqaacrgflsrqeckklkaggppcthilllqirrlatqciqknltvflevkdwpwwrllaslrpllsptlsleqlqakeeeltllreklqkseksrselrqstdlleskitdliseladerfkgdvacqaleseraerlqafrevqelkakyqqvqealgavqkqleeaqqkiqlanleekhtggadewqmrldcaqmendflrkrlqqceerldsemkarteveqklgelqnayeeakktahqlkrkchhltwdledtrvllenqqsrnhelekrqkkfdlqlakalgesmfektlrekvsqensgvrwelgqlqqqleqkeqeasklkqeveklqgqkQELLGCASVGKQGVASLKEKvwelessaleqqkvhsqqentikqleqlrqrfeleiermkqmhqkdredqeeeledvrqscqkrlrqmemqleqeheekqvalhekrdlegligtlcdqighrdfdvekrlrrdlrrthallsdvqlllatmedsktsvskeelekvhsqleqseakcedalktqkvlttdlenmhseletvarsksvvdeqlyrlqferadllkridedqedlnglmqkhkdliaqsaadigqiqelqlqleeakkekqklqeqlqvaqlriqyleqstvdraivsrqeavicdlenktefqkvlmkrfevlvirlrnslikmgeelsqtskseaqqrensqyyqrrleelkaemkelmqreeeasrrcmelekyveelaavrqtlqvdletsirriadlqaaledvvssdsdtesvqtavdcgsrrrkeednvsvissqpesslqswmscslslamdtarapsqqsvvsssllsprpsqggcyalcviavhlsvkhtqsrka	mrtpevpinqanktnnvpkpgsqqtsqdspsatqkdadipgkdppraddknsmpvtstggekpqesgptgtpakrtlpfkrgvrrgdvllmvakldpelakpeqktqprdtpkdktpalatdpggtkkgattgtpcgpqtpiteknstggdgdtsqggtkggkcqgtegkgsrdpqtkgqkecesqntegqgtrspaweavnkgqvgtvekggggppkkmekedgpkgagakvrpleppvpikkwgvslgrrskwdssqsknresesqrrdekrgdlqgtaaeprgqqqeapgkmekaggsqkklvipgkcqeqpgvtaetqspqecckapggmptevtlaaevaeaarredqpestaqgagepcvhaeeevdieepqaegpveslpktqversslqkpmeeepvlqdpgrdsdqaseedrwyeaqkvwlvqkdgftlatvlkpdegtadlpagrvrlcmdadktvtevdedqvhranpseldqtedlaslvcvnessvlntllqryqaqlphtrsgpdlialqpqkttvpssgkvprgrqdglpahvtslaqraywallsqrrdqsivalgrsgagkttcceqvlehlvsmagsvdgrvsveklqaaftvlqafgsvstghsrrasrfsmvisldfnatgrvtaaqvqtvllensrvarqpqgegnfevfsqllagldvdlrtelnlhqmsesnafgmgvwsqpedkqkaatafsqlqgamellgisegeqraiwrvlaaiyhlgaagackvgrkqfmrfewanhaaealgcdyeelntatfkhhlrqiieqmtsgsqrqcledndassglkmtgvecvegmasglyqelfgavvylinrafsshhlsmasimvvdspgfqnprhqckdraatfeelcynyaqerlqllfyhrtfvstleryqeahlpaggateaagglfwvldeevrvegssdsvvlerlcaafekktvgadgpsvlriceqplqcelfhqlgrdpvrydltgwlrrakpnlsaleapqilqqsqrkelqnlfqaraklppvcravaglegtsqqalhrgrvvrrafasrvaalkrkapcaqiklqmdalisllsrsqlhfihclvptsveskpgqgtpsppqpggdqgganeppaldipamrvqlagshilealrlhragyadhmglvqfrrrfqaldpqllkkldwtseglderkvveellqtldlekkavavghsqvflkagvvsrlerqreklvsqnivlfqaacrgflsrqeckklkaggppcthilllqirrlatqciqknltvflevkdwpwwrllaslrpllsptlsleqlqakeeeltllreklqkseksrselrqstdlleskitdliseladerfkgdvacqaleseraerlqafrevqelkakyqqvqealgavqkqleeaqqkiqlanleekhtggadewqmrldcaqmendflrkrlqqceerldsemkarteveqklgelqnayeeakktahqlkrkchhltwdledtrvllenqqsrnhelekrqkkfdlqlakalgesmfektlrekvsqensgvrwelgqlqqqleqkeqeasklkqeveklqgqkQELLGCASVGKQGVASLKEKvwelessaleqqkvhsqqentikqleqlrqrfeleiermkqmhqkdredqeeeledvrqscqkrlrqmemqleqeheekqvalhekrdlegligtlcdqighrdfdvekrlrrdlrrthallsdvqlllatmedsktsvskeelekvhsqleqseakcedalktqkvlttdlenmhseletvarsksvvdeqlyrlqferadllkridedqedlnglmqkhkdliaqsaadigqiqelqlqleeakkekqklqeqlqvaqlriqyleqstvdraivsrqeavicdlenktefqkvlmkrfevlvirlrnslikmgeelsqtskseaqqrensqyyqrrleelkaemkelmqreeeasrrcmelekyveelaavrqtlqvdletsirriadlqaaledvvssdsdtesvqtavdcgsrrrkeednvsvissqpesslqswmscslslamdtarapsqqsvvsssllsprpsqggcyalcviavhlsvkhtqsrka	mrtpevpinqanktnnvpkpgsqqtsqdspsatqkdadipgkdppraddknsmpvtstggekpqesgptgtpakrtlpfkrgvrrgdvllmvakldpelakpeqktqprdtpkdktpalatdpggtkkgattgtpcgpqtpiteknstggdgdtsqggtkggkcqgtegkgsrdpqtkgqkecesqntegqgtrspaweavnkgqvgtvekggggppkkmekedgpkgagakvrpleppvpikkwgvslgrrskwdssqsknresesqrrdekrgdlqgtaaeprgqqqeapgkmekaggsqkklvipgkcqeqpgvtaetqspqecckapggmptevtlaaevaeaarredqpestaqgagepcvhaeeevdieepqaegpveslpktqversslqkpmeeepvlqdpgrdsdqaseedrwyeaqkvwlvqkdgftlatvlkpdegtadlpagrvrlcmdadktvtevdedqvhranpseldqtedlaslvcvnessvlntllqryqaqlphtrsgpdlialqpqkttvpssgkvprgrqdglpahvtslaqraywallsqrrdqsivalgrsgagkttcceqvlehlvsmagsvdgrvsveklqaaftvlqafgsvstghsrrasrfsmvisldfnatgrvtaaqvqtvllensrvarqpqgegnfevfsqllagldvdlrtelnlhqmsesnafgmgvwsqpedkqkaatafsqlqgamellgisegeqraiwrvlaaiyhlgaagackvgrkqfmrfewanhaaealgcdyeelntatfkhhlrqiieqmtsgsqrqcledndassglkmtgvecvegmasglyqelfgavvylinrafsshhlsmasimvvdspgfqnprhqckdraatfeelcynyaqerlqllfyhrtfvstleryqeahlpaggateaagglfwvldeevrvegssdsvvlerlcaafekktvgadgpsvlriceqplqcelfhqlgrdpvrydltgwlrrakpnlsaleapqilqqsqrkelqnlfqaraklppvcravaglegtsqqalhrgrvvrrafasrvaalkrkapcaqiklqmdalisllsrsqlhfihclvptsveskpgqgtpsppqpggdqgganeppaldipamrvqlagshilealrlhragyadhmglvqfrrrfqaldpqllkkldwtseglderkvveellqtldlekkavavghsqvflkagvvsrlerqreklvsqnivlfqaacrgflsrqeckklkaggppcthilllqirrlatqciqknltvflevkdwpwwrllaslrpllsptlsleqlqakeeeltllreklqkseksrselrqstdlleskitdliseladerfkgdvacqaleseraerlqafrevqelkakyqqvqealgavqkqleeaqqkiqlanleekhtggadewqmrldcaqmendflrkrlqqceerldsemkarteveqklgelqnayeeakktahqlkrkchhltwdledtrvllenqqsrnhelekrqkkfdlqlakalgesmfektlrekvsqensgvrwelgqlqqqleqkeqeasklkqeveklqgqkQeLlgcasvgkqgvaslkeKvwelessaleqqkvhsqqentikqleqlrqrfeleiermkqmhqkdredqeeeledvrqscqkrlrqmemqleqeheekqvalhekrdlegligtlcdqighrdfdvekrlrrdlrrthallsdvqlllatmedsktsvskeelekvhsqleqseakcedalktqkvlttdlenmhseletvarsksvvdeqlyrlqferadllkridedqedlnglmqkhkdliaqsaadigqiqelqlqleeakkekqklqeqlqvaqlriqyleqstvdraivsrqeavicdlenktefqkvlmkrfevlvirlrnslikmgeelsqtskseaqqrensqyyqrrleelkaemkelmqreeeasrrcmelekyveelaavrqtlqvdletsirriadlqaaledvvssdsdtesvqtavdcgsrrrkeednvsvissqpesslqswmscslslamdtarapsqqsvvsssllsprpsqggcyalcviavhlsvkhtqsrka		77468696.16666657	1	T	14	3	0.2	9.019941165283194	0.016129032258064516
G3H2T7|G3HDS3	I79_004539|I79_008689	Cricetulus griseus	Histone H3|Histone H2A	29562.375825628416|26677.76927681888	2			0	0	0.03371|0	msgrgkqggkarakaksrssraglqfpvgrvhrllrkgnyaervgagapvymaavleyltaeilelagnaardnkktriiprhlqlairndeelnkllgkvtiaqggvlpniqavllpkkteshhkakgnemartkqtarkstggkaprkqlatkaarksapatggvkkphrYRPGTVALReirryqkstellirklpfqrlvreiaqdfktdlrfqssavmalqeaseaylvglfedtnlcaihakrvtimpkdiqlarrirgera|mlislllwlfrfrlnssclliltmsgrgkqggkarakaktrssraglqfpvgrvhrllrkgnyservgagapvylaavleyltaeilelagnaardnkktriiprhlqlairndeelnkllgrvtiaqggvlpniqakphryrpgtvalreirryqkstellirklpfqrlvreiaqdfktdlrfqssavmalqeaceaylvglfedtnlcaihakrvtimpkdiqlarrirgera	msgrgkqggkarakaksrssraglqfpvgrvhrllrkgnyaervgagapvymaavleyltaeilelagnaardnkktriiprhlqlairndeelnkllgkvtiaqggvlpniqavllpkkteshhkakgnemartkqtarkstggkaprkqlatkaarksapatggvkkphrYRPGTVALReirryqkstellirklpfqrlvreiaqdfktdlrfqssavmalqeaseaylvglfedtnlcaihakrvtimpkdiqlarrirgera|mlislllwlfrfrlnssclliltmsgrgkqggkarakaktrssraglqfpvgrvhrllrkgnyservgagapvylaavleyltaeilelagnaardnkktriiprhlqlairndeelnkllgrvtiaqggvlpniqakphryrpgtvalreirryqkstellirklpfqrlvreiaqdfktdlrfqssavmalqeaceaylvglfedtnlcaihakrvtimpkdiqlarrirgera	msgrgkqggkarakaksrssraglqfpvgrvhrllrkgnyaervgagapvymaavleyltaeilelagnaardnkktriiprhlqlairndeelnkllgkvtiaqggvlpniqavllpkkteshhkakgnemartkqtarkstggkaprkqlatkaarksapatggvkkphryrPgtVALReirryqkstellirklpfqrlvreiaqdfktdlrfqssavmalqeaseaylvglfedtnlcaihakrvtimpkdiqlarrirgera|mlislllwlfrfrlnssclliltmsgrgkqggkarakaktrssraglqfpvgrvhrllrkgnyservgagapvylaavleyltaeilelagnaardnkktriiprhlqlairndeelnkllgrvtiaqggvlpniqakphryrPgtVALReirryqkstellirklpfqrlvreiaqdfktdlrfqssavmalqeaceaylvglfedtnlcaihakrvtimpkdiqlarrirgera		240860.36523437526	1	T	15	3	0.2	8.141635146430243	0.016129032258064516
DECOY_G3HUC5	I79_014534	Cricetulus griseus	receptor protein-tyrosine kinase	91377.4035557768	1			0	0	0.0146	mvgvtgearecmrqlirhiscfsprdaplkswclrmlnylelpcnepcslingdrvyyiveehamgyypqlgysfiewlvvgyawvdsettyrnyfiseppmwripiadnenakyydasyinrslgfdaikvvmnegvlcnrtaldrhvfkrESLYAMGAAVQRaiclqeacslpppgpssmraktsldshslscvthpsmsrlfenldgyamyefllcmpkgvacvgllkvinpndfeamlaaerqfdaqmdasaeeklmkvavmtfpeypllgparaqfvrgfagegidrvyeinnrpyelsllkpnlllpmrqympnphlrdlllesplttltvaaserkknkwekrrrccyltaitllafiafssmisiiltmsyapsvalsstsspmnpidvspksstispfalyplrtcsmpdrhmsplkscdpvpllhmgssflgrhtkgemalwekacflekvalcyercipmptpvmgpsceqflhncllaeaaprclpsvaklenwathilleqaeepdvisvtaaakstsfkeghkntaictylgpktiflqlrsdivrdkvseqisgssvangneiwsitpvpigiatcrltvfsgftvnhseparlirafvevelkvlksyatglsnkavcryqgadekqvnhirlsgselvairsnerlasdgkiwsvspkpngmttcplvaklgeiikvnipprtikpkmkvqlagcsevaggvgnnaiccyvgddsdevslitllqgnerisyrtdflkiliknrtwsiepqpysevacmftaveevladvtelpttivpakplketgsfavltliqllpinvler	mvgvtgearecmrqlirhiscfsprdaplkswclrmlnylelpcnepcslingdrvyyiveehamgyypqlgysfiewlvvgyawvdsettyrnyfiseppmwripiadnenakyydasyinrslgfdaikvvmnegvlcnrtaldrhvfkrESLYAMGAAVQRaiclqeacslpppgpssmraktsldshslscvthpsmsrlfenldgyamyefllcmpkgvacvgllkvinpndfeamlaaerqfdaqmdasaeeklmkvavmtfpeypllgparaqfvrgfagegidrvyeinnrpyelsllkpnlllpmrqympnphlrdlllesplttltvaaserkknkwekrrrccyltaitllafiafssmisiiltmsyapsvalsstsspmnpidvspksstispfalyplrtcsmpdrhmsplkscdpvpllhmgssflgrhtkgemalwekacflekvalcyercipmptpvmgpsceqflhncllaeaaprclpsvaklenwathilleqaeepdvisvtaaakstsfkeghkntaictylgpktiflqlrsdivrdkvseqisgssvangneiwsitpvpigiatcrltvfsgftvnhseparlirafvevelkvlksyatglsnkavcryqgadekqvnhirlsgselvairsnerlasdgkiwsvspkpngmttcplvaklgeiikvnipprtikpkmkvqlagcsevaggvgnnaiccyvgddsdevslitllqgnerisyrtdflkiliknrtwsiepqpysevacmftaveevladvtelpttivpakplketgsfavltliqllpinvler	mvgvtgearecmrqlirhiscfsprdaplkswclrmlnylelpcnepcslingdrvyyiveehamgyypqlgysfiewlvvgyawvdsettyrnyfiseppmwripiadnenakyydasyinrslgfdaikvvmnegvlcnrtaldrhvfkrESLyamgaavQRaiclqeacslpppgpssmraktsldshslscvthpsmsrlfenldgyamyefllcmpkgvacvgllkvinpndfeamlaaerqfdaqmdasaeeklmkvavmtfpeypllgparaqfvrgfagegidrvyeinnrpyelsllkpnlllpmrqympnphlrdlllesplttltvaaserkknkwekrrrccyltaitllafiafssmisiiltmsyapsvalsstsspmnpidvspksstispfalyplrtcsmpdrhmsplkscdpvpllhmgssflgrhtkgemalwekacflekvalcyercipmptpvmgpsceqflhncllaeaaprclpsvaklenwathilleqaeepdvisvtaaakstsfkeghkntaictylgpktiflqlrsdivrdkvseqisgssvangneiwsitpvpigiatcrltvfsgftvnhseparlirafvevelkvlksyatglsnkavcryqgadekqvnhirlsgselvairsnerlasdgkiwsvspkpngmttcplvaklgeiikvnipprtikpkmkvqlagcsevaggvgnnaiccyvgddsdevslitllqgnerisyrtdflkiliknrtwsiepqpysevacmftaveevladvtelpttivpakplketgsfavltliqllpinvler			1	D	15	4	0.25	8.124427385248387	0.03225806451612903
G3H4Z1	I79_005355	Cricetulus griseus	Nesprin-2	191558.43974503884	1			0	0	0.0102	masgidelfqkksnvtsqvyqlrasvqsvlqewkaydklydeanvmtiqlaysmehskpvvlsmealdcqvqnlqalqdegeskegsweklhevvgrlkdscpsiaaimeekcqdvhsrwtrvnqdladqlqeargqlplwkashsahteatawlqqqeakfqqlaninmsgnnladilplalqdlkelqhdvlktkeaclenstlldqlpppadpstpglhsgqlhslqtaaylekmllaksnefeivlaqfkdfgdrlaylkdlimheeenlnklyheekeevpgsflnhvlaltaqspdierlneesirlplsditiktlqnvnrqwiratataldhcrklqgnglnenfllycenwiqllekieetltmtvahslpalleqqktyemleaevsvnqtvadayvaqslqlldttetekrpefvsevsklsdqwqnaargvqqrkcdidrlvtqwqffttsvedllrfltdtghllsaakeqdcyslyqtrrlihelknkvihvqrwrttyelaleageklrdtpnpetkefidrqvsklqdtwkdtelslgemisqlqntaetwdhcekkikelksglqvlntqsrtplpelhkdlhrekeltkevekslanwthnlkelqtmkadlsrrilaedvtvlkeqiellhrqwedlclrvairkqeiedrlnswivfneknkelcawlvqmenkvlqtadisieemidklqkdcmeeislfsenklqlkqmgdqlikasskakaaemedklskindrwqhlfdvigsrvkklketfafiqqldknmsnlrtwlarieselskpvvydvcddqeiqkrlaeqqdlqrdieqhsagvesvfnicdvllhdsdacanetecdsiqqttrsldrrwrnicamsmerrmkieetwrlwqkflddysrfedwlksaertaacpnssevlytnakeelkrfeafqrqiherltqlelinkqyrrlarenrtdtaskLKQMVHEGNQRWDNLQKrvtailrrlryftnqreefegtresilvwltemdlqltnvehfsesdaedkmrqlngfqqeitlntnkidqlivfgeqliqksepldavliedeleelhrycqevfgrvsrfhrrltshapsledekeasetetdiedpreiqadswrkrremeesscpqslchlvppghersgcetpvsvdsiplewdhtgdvggsssheddeegpfysalsdveipenpeaylkmttkslkassgksiseshpwhvpenpshpkhhykamegdgtvtpvpsdastpykpayvklllhqgtddgkegprgskgssqqedeqldtltgqqpgafdrweliqaqelhgklrikgnvqqlnsdignitawlekteaelealrlaeppsdiqeialrvkrlqeilkafdtyktlmvsvnvshreslpsespestelqnrlhqlslswdtvqgemdswrrdlrqslmqcqdfhqlshnlllwlasvesrrqkalvtspeadrqallecqkelmqlgkeledhqpqvsslqeiassllikghgedyieaeekvhvigkklkqlreqvaqdlmsfqgslnpdpsldsfdevdsglpppaasapvsyakfgaerstkeeeaadsrmshlygpgssqprrsflsrviraalplqlllllllllacllpaseedysctqannfarsfypmlrytngpppt	masgidelfqkksnvtsqvyqlrasvqsvlqewkaydklydeanvmtiqlaysmehskpvvlsmealdcqvqnlqalqdegeskegsweklhevvgrlkdscpsiaaimeekcqdvhsrwtrvnqdladqlqeargqlplwkashsahteatawlqqqeakfqqlaninmsgnnladilplalqdlkelqhdvlktkeaclenstlldqlpppadpstpglhsgqlhslqtaaylekmllaksnefeivlaqfkdfgdrlaylkdlimheeenlnklyheekeevpgsflnhvlaltaqspdierlneesirlplsditiktlqnvnrqwiratataldhcrklqgnglnenfllycenwiqllekieetltmtvahslpalleqqktyemleaevsvnqtvadayvaqslqlldttetekrpefvsevsklsdqwqnaargvqqrkcdidrlvtqwqffttsvedllrfltdtghllsaakeqdcyslyqtrrlihelknkvihvqrwrttyelaleageklrdtpnpetkefidrqvsklqdtwkdtelslgemisqlqntaetwdhcekkikelksglqvlntqsrtplpelhkdlhrekeltkevekslanwthnlkelqtmkadlsrrilaedvtvlkeqiellhrqwedlclrvairkqeiedrlnswivfneknkelcawlvqmenkvlqtadisieemidklqkdcmeeislfsenklqlkqmgdqlikasskakaaemedklskindrwqhlfdvigsrvkklketfafiqqldknmsnlrtwlarieselskpvvydvcddqeiqkrlaeqqdlqrdieqhsagvesvfnicdvllhdsdacanetecdsiqqttrsldrrwrnicamsmerrmkieetwrlwqkflddysrfedwlksaertaacpnssevlytnakeelkrfeafqrqiherltqlelinkqyrrlarenrtdtaskLKQMVHEGNQRWDNLQKrvtailrrlryftnqreefegtresilvwltemdlqltnvehfsesdaedkmrqlngfqqeitlntnkidqlivfgeqliqksepldavliedeleelhrycqevfgrvsrfhrrltshapsledekeasetetdiedpreiqadswrkrremeesscpqslchlvppghersgcetpvsvdsiplewdhtgdvggsssheddeegpfysalsdveipenpeaylkmttkslkassgksiseshpwhvpenpshpkhhykamegdgtvtpvpsdastpykpayvklllhqgtddgkegprgskgssqqedeqldtltgqqpgafdrweliqaqelhgklrikgnvqqlnsdignitawlekteaelealrlaeppsdiqeialrvkrlqeilkafdtyktlmvsvnvshreslpsespestelqnrlhqlslswdtvqgemdswrrdlrqslmqcqdfhqlshnlllwlasvesrrqkalvtspeadrqallecqkelmqlgkeledhqpqvsslqeiassllikghgedyieaeekvhvigkklkqlreqvaqdlmsfqgslnpdpsldsfdevdsglpppaasapvsyakfgaerstkeeeaadsrmshlygpgssqprrsflsrviraalplqlllllllllacllpaseedysctqannfarsfypmlrytngpppt	masgidelfqkksnvtsqvyqlrasvqsvlqewkaydklydeanvmtiqlaysmehskpvvlsmealdcqvqnlqalqdegeskegsweklhevvgrlkdscpsiaaimeekcqdvhsrwtrvnqdladqlqeargqlplwkashsahteatawlqqqeakfqqlaninmsgnnladilplalqdlkelqhdvlktkeaclenstlldqlpppadpstpglhsgqlhslqtaaylekmllaksnefeivlaqfkdfgdrlaylkdlimheeenlnklyheekeevpgsflnhvlaltaqspdierlneesirlplsditiktlqnvnrqwiratataldhcrklqgnglnenfllycenwiqllekieetltmtvahslpalleqqktyemleaevsvnqtvadayvaqslqlldttetekrpefvsevsklsdqwqnaargvqqrkcdidrlvtqwqffttsvedllrfltdtghllsaakeqdcyslyqtrrlihelknkvihvqrwrttyelaleageklrdtpnpetkefidrqvsklqdtwkdtelslgemisqlqntaetwdhcekkikelksglqvlntqsrtplpelhkdlhrekeltkevekslanwthnlkelqtmkadlsrrilaedvtvlkeqiellhrqwedlclrvairkqeiedrlnswivfneknkelcawlvqmenkvlqtadisieemidklqkdcmeeislfsenklqlkqmgdqlikasskakaaemedklskindrwqhlfdvigsrvkklketfafiqqldknmsnlrtwlarieselskpvvydvcddqeiqkrlaeqqdlqrdieqhsagvesvfnicdvllhdsdacanetecdsiqqttrsldrrwrnicamsmerrmkieetwrlwqkflddysrfedwlksaertaacpnssevlytnakeelkrfeafqrqiherltqlelinkqyrrlarenrtdtasklkQMvhegnqrwdnlqKrvtailrrlryftnqreefegtresilvwltemdlqltnvehfsesdaedkmrqlngfqqeitlntnkidqlivfgeqliqksepldavliedeleelhrycqevfgrvsrfhrrltshapsledekeasetetdiedpreiqadswrkrremeesscpqslchlvppghersgcetpvsvdsiplewdhtgdvggsssheddeegpfysalsdveipenpeaylkmttkslkassgksiseshpwhvpenpshpkhhykamegdgtvtpvpsdastpykpayvklllhqgtddgkegprgskgssqqedeqldtltgqqpgafdrweliqaqelhgklrikgnvqqlnsdignitawlekteaelealrlaeppsdiqeialrvkrlqeilkafdtyktlmvsvnvshreslpsespestelqnrlhqlslswdtvqgemdswrrdlrqslmqcqdfhqlshnlllwlasvesrrqkalvtspeadrqallecqkelmqlgkeledhqpqvsslqeiassllikghgedyieaeekvhvigkklkqlreqvaqdlmsfqgslnpdpsldsfdevdsglpppaasapvsyakfgaerstkeeeaadsrmshlygpgssqprrsflsrviraalplqlllllllllacllpaseedysctqannfarsfypmlrytngpppt		1583832.130208335	1	T	16	4	0.25	8.052868731169976	0.06153846153846154
DECOY_G3GWL0	I79_002137	Cricetulus griseus	Uncharacterized protein	5692.949980249635	1			0	0	0.48077	MHLIDTIQAFHQLPVSVYCPSGQEKgdlysdlrtillfgfglvsvvgvslck	MHLIDTIQAFHQLPVSVYCPSGQEKgdlysdlrtillfgfglvsvvgvslck	mhlidtiqafhqLPVsvycpsgqekgdlysdlrtillfgfglvsvvgvslck			1	D	16	5	0.3125	8.042327490383183	0.07692307692307693
DECOY_G3I5Y2	I79_018893	Cricetulus griseus	Small ribosomal subunit protein uS9	17460.528797851053	1			0	0	0.16234	mlglinivfnvsirSIPEDTPNRTQLVPELVESNKSECRrpdavlltrdyqilidkiekksaedvykqyyavlakcisqriayiqavhgggkvrvpievgairekglllvpellkyqltrpqimelprgnvkilanatrwpwghgdkpmaavrr	mlglinivfnvsirSIPEDTPNRTQLVPELVESNKSECRrpdavlltrdyqilidkiekksaedvykqyyavlakcisqriayiqavhgggkvrvpievgairekglllvpellkyqltrpqimelprgnvkilanatrwpwghgdkpmaavrr	mlglinivfnvsirsiPEdtpnrtqlVpelvesnksecrrpdavlltrdyqilidkiekksaedvykqyyavlakcisqriayiqavhgggkvrvpievgairekglllvpellkyqltrpqimelprgnvkilanatrwpwghgdkpmaavrr			1	D	16	6	0.35294117647058826	8.04206533399819	0.09090909090909091
G3HGY6	Chrna4	Cricetulus griseus	Cholinergic receptor, nicotinic, alpha polypeptide 4	70394.3671102381	1			0	0	0.02233	melwgprapppllplllllgvgllpasshietrahaeerllkrlfsgynkwsrpvanisdvvlvrfglsiaqlidvdeknqmmttnvwvkqewhdyklrwdpgdyenvtsiripseliwrpdivlynnadgdfavthltkahlfydgrvqwtppaiyksscsidvtffpfdqqnctmkfgswtydkakidlvsmhsrvdqldfwesgewvivdavgtyntrkyeccaeiypdityafiirrlplfytinliipclliscltvlvfylpsecgekvtlcisvllsltvfllliteiipstslvipligeyllftmifvtlsivitvfvlnvhhrsprthtmpawvrrvfldivprllfmkrpsvvkdncrrliesmhkmasaprfwpepegepgilsdirnqglspapsfcnplnttveaqptckspshkapdlkasevektspcpspgpchspnstrvpvlvkarslsvqhmpssqetaeggvrcrsrsiqycvsrngavspsdsqptgspasqkahpsqlllpdqtspckctckepspvspvtvlkargtkAPPQHLPLSPALTRavegvqyiadhlkaedtdfsvkedwkyvamvidriflwmfiivcllgtvglflppwlagmi	melwgprapppllplllllgvgllpasshietrahaeerllkrlfsgynkwsrpvanisdvvlvrfglsiaqlidvdeknqmmttnvwvkqewhdyklrwdpgdyenvtsiripseliwrpdivlynnadgdfavthltkahlfydgrvqwtppaiyksscsidvtffpfdqqnctmkfgswtydkakidlvsmhsrvdqldfwesgewvivdavgtyntrkyeccaeiypdityafiirrlplfytinliipclliscltvlvfylpsecgekvtlcisvllsltvfllliteiipstslvipligeyllftmifvtlsivitvfvlnvhhrsprthtmpawvrrvfldivprllfmkrpsvvkdncrrliesmhkmasaprfwpepegepgilsdirnqglspapsfcnplnttveaqptckspshkapdlkasevektspcpspgpchspnstrvpvlvkarslsvqhmpssqetaeggvrcrsrsiqycvsrngavspsdsqptgspasqkahpsqlllpdqtspckctckepspvspvtvlkargtkAPPQHLPLSPALTRavegvqyiadhlkaedtdfsvkedwkyvamvidriflwmfiivcllgtvglflppwlagmi	melwgprapppllplllllgvgllpasshietrahaeerllkrlfsgynkwsrpvanisdvvlvrfglsiaqlidvdeknqmmttnvwvkqewhdyklrwdpgdyenvtsiripseliwrpdivlynnadgdfavthltkahlfydgrvqwtppaiyksscsidvtffpfdqqnctmkfgswtydkakidlvsmhsrvdqldfwesgewvivdavgtyntrkyeccaeiypdityafiirrlplfytinliipclliscltvlvfylpsecgekvtlcisvllsltvfllliteiipstslvipligeyllftmifvtlsivitvfvlnvhhrsprthtmpawvrrvfldivprllfmkrpsvvkdncrrliesmhkmasaprfwpepegepgilsdirnqglspapsfcnplnttveaqptckspshkapdlkasevektspcpspgpchspnstrvpvlvkarslsvqhmpssqetaeggvrcrsrsiqycvsrngavspsdsqptgspasqkahpsqlllpdqtspckctckepspvspvtvlkargtkapPqhlplspaLtravegvqyiadhlkaedtdfsvkedwkyvamvidriflwmfiivcllgtvglflppwlagmi		10899029.249999985	1	T	17	6	0.35294117647058826	8.042032879407	0.09090909090909091
DECOY_G3HG87	Glmp	Cricetulus griseus	Glycosylated lysosomal membrane protein	43393.736279860874	1			0	0	0.03226	MNISQYESYQKHRlllflgggllmlgptglavamiglvlpsladvppfgmgllmswslyhqdwygpgtpagftlnfaclnqsgffaqvvpssplsyaltphlssaqcpvasernrqkqsfavprwqmfgspssgwllqnvqfvapayeddishlekvspcdpgtgvtavelgfvshngrpsagdlsvevqcsdathllrppqasrgsgsfaqvkfalsgnafagtpedvphgqfiasltaldlsntinnwsfealsyppypkgspqtagksvktsdfellrtfvlassfqisdkplvmlggypdpsmllswnvslasqttntavlvvappgltswvyhltsntgvarihllnqpnpwssivkmsiqrteegllgfpaacvlslllwptpacpvwgwypgwcrc	MNISQYESYQKHRlllflgggllmlgptglavamiglvlpsladvppfgmgllmswslyhqdwygpgtpagftlnfaclnqsgffaqvvpssplsyaltphlssaqcpvasernrqkqsfavprwqmfgspssgwllqnvqfvapayeddishlekvspcdpgtgvtavelgfvshngrpsagdlsvevqcsdathllrppqasrgsgsfaqvkfalsgnafagtpedvphgqfiasltaldlsntinnwsfealsyppypkgspqtagksvktsdfellrtfvlassfqisdkplvmlggypdpsmllswnvslasqttntavlvvappgltswvyhltsntgvarihllnqpnpwssivkmsiqrteegllgfpaacvlslllwptpacpvwgwypgwcrc	MNIsqyesyqkhRlllflgggllmlgptglavamiglvlpsladvppfgmgllmswslyhqdwygpgtpagftlnfaclnqsgffaqvvpssplsyaltphlssaqcpvasernrqkqsfavprwqmfgspssgwllqnvqfvapayeddishlekvspcdpgtgvtavelgfvshngrpsagdlsvevqcsdathllrppqasrgsgsfaqvkfalsgnafagtpedvphgqfiasltaldlsntinnwsfealsyppypkgspqtagksvktsdfellrtfvlassfqisdkplvmlggypdpsmllswnvslasqttntavlvvappgltswvyhltsntgvarihllnqpnpwssivkmsiqrteegllgfpaacvlslllwptpacpvwgwypgwcrc			1	D	17	7	0.3888888888888889	8.0407680510592	0.10606060606060606
G3I601	I79_018912	Cricetulus griseus	TPR repeat-containing protein C10orf93	167901.49122856173	1			0	0	0.01279	mdlvitqeltraqnqedaaalrrayeliksanlgksefdpsesfspdlfvmgesemsedciqmyfkvkapvtqflgrahlcraqlcgpqseenleefencvtqymkavnfakgepryyflvfnasvlywhmvrpllkpgyhqyvipslsqiitvlnqteedkewqaelmmellecylqagrqeeaakfcltaapfikahvphkyrnifsvmvrhelmddnqlkeekkhsaslsitysinslkamlllfelgrlslilknesmasdclselkkletkdlaklleieglecelealrleskinmylrgavesqlniierldiilqrairlgdptaihvlcttqwntclpllqrnlrhylrkplttiaeilekvdslmtlmrcqvhmemacieqdedrlepaiehlkkamrldsqgiyqdklsmvynrlqlctmlyqspdrpedkatmaieqakkatlkdsarkkrallvnaglalapdtfqivldseneakvstgktrgrftylcakarhyilsvdkaaghlrrlgnendkerimiwselakvawnqdvcdvcrtatrfgllydnlkskkttklkrvkkkKGTEGTVHDVGPSEMALQKhmspdllrkiaemsflsaeatvhllhlegvelnsqaippedlsqhpagyvpeppdinpewityrtwieslsqyamgnwlraaeigqdlgeswvvqnavvcvlnhnrhlilsgrqkelvdylfhfltilkatgykgdpvmlvmlcdalargliiswiptqtpekskrnvrpnlvhipmessassdiraavevcefalsltngnvpedmvhtsvrqrliatwvkakqllqhqighrlgtdeqstneginsktrvlvavemyscnglglmdftvpplaqvvrmasecnwseplvelqilsrlayfayvahdheitmacsqnatqmglknlrsfdeidaklaaeilctvasiqgrsimenmkgrkqlrlaaakvfvesarfgglagnstlvmmaarhfwntwlpllsspvnrkkakgslqriigiinkteakkqkpesnwqkvdyiiefsqwmyynqfpmeevifhldwaieillsmkptedspepepnkegqasspqsltgsamsldletisldqfrsvrqlealarvhilralmvsrssssyeddcfmaysflrhiwqistpasnkpsddiptsmeewasyscpedllsvfkqdrsdstvnassfqkpigakqnsqrsmevetdtddkgadsstrdsttlketsreqnrkaeslkkrlvlaqrflaqtsevllqclqaslssnlldiaamaslemvecigsldpittcqflslsqscstsqmmrnvlltatnntsssqlaallqlhqrmrkqdktstnlfasvehrlaatsrawqglcvtdqhftflneippmfrivflqhsrdsksqrslekpietaillslvgvesivanqwptllqdnalranilwdnevppeskeemyselqpqqgeshptalclvlyglphqaiv	mdlvitqeltraqnqedaaalrrayeliksanlgksefdpsesfspdlfvmgesemsedciqmyfkvkapvtqflgrahlcraqlcgpqseenleefencvtqymkavnfakgepryyflvfnasvlywhmvrpllkpgyhqyvipslsqiitvlnqteedkewqaelmmellecylqagrqeeaakfcltaapfikahvphkyrnifsvmvrhelmddnqlkeekkhsaslsitysinslkamlllfelgrlslilknesmasdclselkkletkdlaklleieglecelealrleskinmylrgavesqlniierldiilqrairlgdptaihvlcttqwntclpllqrnlrhylrkplttiaeilekvdslmtlmrcqvhmemacieqdedrlepaiehlkkamrldsqgiyqdklsmvynrlqlctmlyqspdrpedkatmaieqakkatlkdsarkkrallvnaglalapdtfqivldseneakvstgktrgrftylcakarhyilsvdkaaghlrrlgnendkerimiwselakvawnqdvcdvcrtatrfgllydnlkskkttklkrvkkkKGTEGTVHDVGPSEMALQKhmspdllrkiaemsflsaeatvhllhlegvelnsqaippedlsqhpagyvpeppdinpewityrtwieslsqyamgnwlraaeigqdlgeswvvqnavvcvlnhnrhlilsgrqkelvdylfhfltilkatgykgdpvmlvmlcdalargliiswiptqtpekskrnvrpnlvhipmessassdiraavevcefalsltngnvpedmvhtsvrqrliatwvkakqllqhqighrlgtdeqstneginsktrvlvavemyscnglglmdftvpplaqvvrmasecnwseplvelqilsrlayfayvahdheitmacsqnatqmglknlrsfdeidaklaaeilctvasiqgrsimenmkgrkqlrlaaakvfvesarfgglagnstlvmmaarhfwntwlpllsspvnrkkakgslqriigiinkteakkqkpesnwqkvdyiiefsqwmyynqfpmeevifhldwaieillsmkptedspepepnkegqasspqsltgsamsldletisldqfrsvrqlealarvhilralmvsrssssyeddcfmaysflrhiwqistpasnkpsddiptsmeewasyscpedllsvfkqdrsdstvnassfqkpigakqnsqrsmevetdtddkgadsstrdsttlketsreqnrkaeslkkrlvlaqrflaqtsevllqclqaslssnlldiaamaslemvecigsldpittcqflslsqscstsqmmrnvlltatnntsssqlaallqlhqrmrkqdktstnlfasvehrlaatsrawqglcvtdqhftflneippmfrivflqhsrdsksqrslekpietaillslvgvesivanqwptllqdnalranilwdnevppeskeemyselqpqqgeshptalclvlyglphqaiv	mdlvitqeltraqnqedaaalrrayeliksanlgksefdpsesfspdlfvmgesemsedciqmyfkvkapvtqflgrahlcraqlcgpqseenleefencvtqymkavnfakgepryyflvfnasvlywhmvrpllkpgyhqyvipslsqiitvlnqteedkewqaelmmellecylqagrqeeaakfcltaapfikahvphkyrnifsvmvrhelmddnqlkeekkhsaslsitysinslkamlllfelgrlslilknesmasdclselkkletkdlaklleieglecelealrleskinmylrgavesqlniierldiilqrairlgdptaihvlcttqwntclpllqrnlrhylrkplttiaeilekvdslmtlmrcqvhmemacieqdedrlepaiehlkkamrldsqgiyqdklsmvynrlqlctmlyqspdrpedkatmaieqakkatlkdsarkkrallvnaglalapdtfqivldseneakvstgktrgrftylcakarhyilsvdkaaghlrrlgnendkerimiwselakvawnqdvcdvcrtatrfgllydnlkskkttklkrvkkkKgtegtvhdvgpsemalqKhmspdllrkiaemsflsaeatvhllhlegvelnsqaippedlsqhpagyvpeppdinpewityrtwieslsqyamgnwlraaeigqdlgeswvvqnavvcvlnhnrhlilsgrqkelvdylfhfltilkatgykgdpvmlvmlcdalargliiswiptqtpekskrnvrpnlvhipmessassdiraavevcefalsltngnvpedmvhtsvrqrliatwvkakqllqhqighrlgtdeqstneginsktrvlvavemyscnglglmdftvpplaqvvrmasecnwseplvelqilsrlayfayvahdheitmacsqnatqmglknlrsfdeidaklaaeilctvasiqgrsimenmkgrkqlrlaaakvfvesarfgglagnstlvmmaarhfwntwlpllsspvnrkkakgslqriigiinkteakkqkpesnwqkvdyiiefsqwmyynqfpmeevifhldwaieillsmkptedspepepnkegqasspqsltgsamsldletisldqfrsvrqlealarvhilralmvsrssssyeddcfmaysflrhiwqistpasnkpsddiptsmeewasyscpedllsvfkqdrsdstvnassfqkpigakqnsqrsmevetdtddkgadsstrdsttlketsreqnrkaeslkkrlvlaqrflaqtsevllqclqaslssnlldiaamaslemvecigsldpittcqflslsqscstsqmmrnvlltatnntsssqlaallqlhqrmrkqdktstnlfasvehrlaatsrawqglcvtdqhftflneippmfrivflqhsrdsksqrslekpietaillslvgvesivanqwptllqdnalranilwdnevppeskeemyselqpqqgeshptalclvlyglphqaiv		6224870.437500006	1	T	18	7	0.3888888888888889	8.038366128965215	0.11594202898550725
